Key,en,es,ar
Developed by,Developed by,Desarrollado por,طورت بواسطة
Appdevs.,Appdevs.,Appdevs.,appdevs.
Welcome To,Welcome To,Bienvenido a,مرحبا بك في
Admin Panel,Admin Panel,Panel de administrador,لوحة الادارة
Default,Default,Por defecto,تقصير
Setup Coin,Setup Coin,Moneda de configuración,عملة الإعداد
Setup Network,Setup Network,Red de configuración,شبكة الإعداد
Setup Currency,Setup Currency,Moneda de configuración,الإعداد العملة
Fees & Charges,Fees & Charges,Tarifas y cargos,الرسوم والرسوم
Outside Address,Outside Address,Dirección exterior,عنوان خارج
Transactions & Logs,Transactions & Logs,Transacciones y registros,المعاملات والسجلات
Buy Crypto Logs,Buy Crypto Logs,Comprar registros de cifrado,شراء سجلات التشفير
Pending Logs,Pending Logs,Registros pendientes,سجلات معلقة
Confirm Logs,Confirm Logs,Confirmar registros,تأكيد سجلات
Rejected Logs,Rejected Logs,Registros rechazados,سجلات مرفوضة
All Logs,All Logs,Todos los registros,جميع السجلات
Interface Panel,Interface Panel,Panel de interfaz,لوحة واجهة
User Care,User Care,Cuidado de los usuarios,رعاية المستخدم
Active Users,Active Users,Usuarios activos,المستخدمين النشطين
Email Unverified,Email Unverified,Correo electrónico no verificado,البريد الإلكتروني غير التحقق
All Users,All Users,Todos los usuarios,جميع المستخدمين
Email To Users,Email To Users,Correo electrónico a los usuarios,البريد الإلكتروني للمستخدمين
Banned Users,Banned Users,Usuarios prohibidos,المستخدمين المحظورون
Admin Care,Admin Care,Atención administrativa,رعاية المسؤول
All Admin,All Admin,Todos los administradores,كل المشرف
Admin Role,Admin Role,Rol de administrador,دور المسؤول
Role Permission,Role Permission,Permiso de rol,إذن الدور
Email To Admin,Email To Admin,Correo electrónico al administrador,البريد الإلكتروني إلى المسؤول
Settings,Settings,Ajustes,إعدادات
Web Settings,Web Settings,Configuración web,إعدادات الويب
Basic Settings,Basic Settings,Ajustes básicos,الإعدادات الأساسية
App Settings,App Settings,Ajustes de Aplicacion,إعدادات التطبيقات
Image Assets,Image Assets,Activos de imagen,أصول الصورة
Setup SEO,Setup SEO,Configuración de SEO,إعداد SEO
Splash Screen,Splash Screen,Pantalla de bienvenida,شاشة البداية
Onboard Screen,Onboard Screen,Pantalla a bordo,على متن الشاشة
App URLs,App URLs,URL de aplicaciones,APP urls
Languages,Languages,Lenguas,اللغات
Verification Center,Verification Center,Centro de verificación,مركز التحقق
Setup Email,Setup Email,Correo electrónico de configuración,إعداد البريد الإلكتروني
Email Method,Email Method,Método de correo electrónico,طريقة البريد الإلكتروني
Setup Web Content,Setup Web Content,Configurar contenido web,إعداد محتوى الويب
Setup Section,Setup Section,Sección de configuración,قسم الإعداد
Banner Section,Banner Section,Banner,قسم لافتة
Security Section,Security Section,Sección de seguridad,قسم الأمن
How Its Work Section,How Its Work Section,Cómo su sección de trabajo,كيف قسم عملها
Download App Section,Download App Section,Descargar la sección de aplicaciones,تنزيل قسم التطبيق
Statistic Section,Statistic Section,Sección estadística,قسم الإحصاء
Call To Action Section,Call To Action Section,Sección de llamada a la acción,قسم دعوة إلى الإجراءات
Footer Section,Footer Section,Sección de fútbol,قسم تذييل
News Letter Section,News Letter Section,Sección de la carta de noticias,قسم الرسائل الإخبارية
About Section,About Section,Acerca de la sección,حول القسم
Faq Section,Faq Section,Sección de preguntas frecuentes,قسم الأسئلة الشائعة
Service Section,Service Section,Sección de servicio,قسم الخدمة
Blog Section,Blog Section,Sección de blogs,قسم المدونة
Contact Section,Contact Section,Sección de contacto,قسم الاتصال
Login Section,Login Section,Sección de inicio de sesión,قسم تسجيل الدخول
Register Section,Register Section,Sección de registro,قسم التسجيل
Setup Pages,Setup Pages,Páginas de configuración,صفحات الإعداد
Extensions,Extensions,Extensiones,الامتدادات
Useful Links,Useful Links,Enlaces útiles,روابط مفيدة
Subscribers,Subscribers,Suscriptores,مشتركين
Contact Messages,Contact Messages,Mensajes de contacto,اتصل بالرسائل
Payment Methods,Payment Methods,Métodos de pago,طرق الدفع
Automatic,Automatic,Automático,تلقائي
Manual,Manual,Manual,يدوي
Money Out,Money Out,Apagarse,لم يبقى اي من المال
Push Notification,Push Notification,Notificación de inserción,إشعار دفع
Setup Notification,Setup Notification,Notificación de configuración,إشعار الإعداد
Send Notification,Send Notification,Enviar notificación,إرسال إشعار
Bonus,Bonus,Prima,علاوة
GDPR Cookie,GDPR Cookie,Galleta GDPR,ملف تعريف الارتباط الناتج المحلي الإجمالي
Server Info,Server Info,Información del servidor,معلومات الخادم
Clear Cache,Clear Cache,Limpiar cache,مسح ذاكرة التخزين المؤقت
Sell Crypto Logs,Sell Crypto Logs,Vender registros de cifrado,بيع سجلات التشفير
Withdraw Crypto Logs,Withdraw Crypto Logs,Retirar registros de cifrado,سحب سجلات التشفير
Exchange Crypto Logs,Exchange Crypto Logs,Intercambiar registros criptográficos,تبادل سجلات التشفير
Admin Profile,Admin Profile,Perfil de administración,ملف تعريف المسؤول
Profile Image,Profile Image,Imagen de perfil,صورة الملف الشخصي
Select State,Select State,Seleccione estado,اختر ولايه
Select City,Select City,Ciudad selecta,اختر مدينة
Save & Change,Save & Change,Guardar cambios,حفظ وتغيير
Profile Information Updated Successfully!,Profile Information Updated Successfully!,¡Información de perfil actualizada con éxito!,معلومات الملف الشخصي تحديث بنجاح!
Coins,Coins,Monedas,عملات معدنية
Add Coin,Add Coin,Agregar moneda,إضافة عملة
Write Name,Write Name,Escribir nombre,اكتب الاسم
Title,Title,Título,عنوان
Write Title,Write Title,Escribir título,اكتب العنوان
Add,Add,Agregar,يضيف
Coin already exists,Coin already exists,Ya existe monedas,عملة موجودة بالفعل
Coin Added Successfully,Coin Added Successfully,Moneda agregada con éxito,وأضاف العملة بنجاح
Coin updated successfully!,Coin updated successfully!,¡Moneda actualizada con éxito!,تم تحديث العملة بنجاح!
Coin Deleted Successfully!,Coin Deleted Successfully!,¡Moneda eliminada con éxito!,تم حذف العملة بنجاح!
Coin status updated successfully!,Coin status updated successfully!,¡Estado de la moneda actualizado con éxito!,تم تحديث حالة العملة بنجاح!
Edit Coin,Edit Coin,Editar moneda,تحرير العملة
Cancel,Cancel,Cancelar,يلغي
delete,delete,borrar,يمسح
this Coin?,this Coin?,esta moneda?,هذه العملة؟
Networks,Networks,Redes,الشبكات
Add Network,Add Network,Agregar red,اضافة شبكة
Coin Name,Coin Name,Nombre de la moneda,اسم العملة
Arrival Time,Arrival Time,Hora de llegada,وقت الوصول
Write Arrival Time,Write Arrival Time,Escribir la hora de llegada,اكتب وقت الوصول
Write Description,Write Description,Escribir descripción,اكتب الوصف
Min,Min,Mínimo,دقيقة
this Network?,this Network?,esta red?,هذه الشبكة؟
The arrival time field is required.,The arrival time field is required.,Se requiere el campo de hora de llegada.,مطلوب حقل وقت الوصول.
The coin field is required.,The coin field is required.,Se requiere el campo de la moneda.,حقل العملة مطلوب.
Network already exists,Network already exists,La red ya existe,شبكة موجودة بالفعل
Network Added Successfully,Network Added Successfully,Red agregada con éxito,أضافت الشبكة بنجاح
The edit_coin field is required.,The edit_coin field is required.,Se requiere el campo edit_coin.,حقل edit_coin مطلوب.
The edit_name field is required.,The edit_name field is required.,Se requiere el campo edit_name.,حقل EDIT_NAME مطلوب.
The edit_arrival_time field is required.,The edit_arrival_time field is required.,Se requiere el campo edit_arrival_time.,حقل edit_arrival_time مطلوب.
Network updated successfully!,Network updated successfully!,¡Network actualizada con éxito!,تم تحديث الشبكة بنجاح!
Network Deleted Successfully!,Network Deleted Successfully!,Network eliminada con éxito!,تم حذف الشبكة بنجاح!
Network status updated successfully!,Network status updated successfully!,Estado de la red actualizado correctamente!,تم تحديث حالة الشبكة بنجاح!
Symbol,Symbol,Símbolo,رمز
Type,Type,Tipo,يكتب
Rate,Rate,Tasa,معدل
Role,Role,Role,دور
Code,Code,Código,شفرة
The code field is required.,The code field is required.,Se requiere el campo de código.,حقل الكود مطلوب.
The symbol field is required.,The symbol field is required.,Se requiere el campo de símbolos.,حقل الرمز مطلوب.
The option field is required.,The option field is required.,Se requiere el campo de opción.,حقل الخيار مطلوب.
The rate field is required.,The rate field is required.,Se requiere el campo de tarifa.,حقل السعر مطلوب.
The network field is required.,The network field is required.,Se requiere el campo de red.,حقل الشبكة مطلوب.
Default currency make failed! Please try again.,Default currency make failed! Please try again.,¡Falló la moneda predeterminada! Inténtalo de nuevo.,العملة الافتراضية تجعل فشل! حاول مرة اخرى.
Currency Saved Successfully!,Currency Saved Successfully!,¡Moneda ahorrada con éxito!,العملة المحفوظة بنجاح!
Currency record not found in our system.,Currency record not found in our system.,Registro de divisas no se encuentra en nuestro sistema.,سجل العملة غير موجود في نظامنا.
Currency status updated successfully!,Currency status updated successfully!,¡Estado de divisas actualizado con éxito!,تم تحديث حالة العملة بنجاح!
Currency not found!,Currency not found!,¡Moneda no encontrada!,العملة لم يتم العثور عليها!
The currency name field is required.,The currency name field is required.,Se requiere el campo Nombre de la moneda.,حقل اسم العملة مطلوب.
The currency code field is required.,The currency code field is required.,Se requiere el campo de código de divisas.,حقل رمز العملة مطلوب.
The currency symbol field is required.,The currency symbol field is required.,Se requiere el campo de símbolo de moneda.,مطلوب حقل رمز العملة.
The currency rate field is required.,The currency rate field is required.,Se requiere el campo de tasa de divisas.,حقل معدل العملة مطلوب.
The currrency option field is required.,The currrency option field is required.,Se requiere el campo de la opción Currrency.,مطلوب حقل خيار العملات.
Image file upload faild!,Image file upload faild!,Archivo de imagen Carga Faild!,ملف الصورة تحميل فشل!
Successfully updated the information.,Successfully updated the information.,Actualizó con éxito la información.,تم تحديث المعلومات بنجاح.
Can\'t deletable default currency.,Can\'t deletable default currency.,Puede \ 't de la moneda predeterminada eliminable.,لا يمكن \ 'الحذف العملة الافتراضية.
Currency deleted successfully!,Currency deleted successfully!,¡Moneda eliminada con éxito!,تم حذف العملة بنجاح!
Search,Search,Buscar,يبحث
Flag,Flag,Bandera,علَم
Add Currency,Add Currency,Agregar moneda,أضف العملة
Edit Currency,Edit Currency,Editar moneda,تحرير العملة
currency?,currency?,¿divisa?,عملة؟
Withdraw Crypto Charges,Withdraw Crypto Charges,Retirar cargos criptográficos,سحب رسوم التشفير
Exchange Crypto Charges,Exchange Crypto Charges,Intercambiar cargos criptográficos,تبادل رسوم التشفير
Charges,Charges,Cargos,رسوم
Fixed Charge,Fixed Charge,Cargo fijo,تهمة ثابتة
Percent Charge,Percent Charge,Porcentaje de cargo,تكلفة في المئة
Range,Range,Rango,يتراوح
Minimum Amount,Minimum Amount,Monto minimo,الحد الأدنى للمبلغ
Maximum Amount,Maximum Amount,Cantidad máxima,الحد الأقصى للمبلغ
Transaction charge not found!,Transaction charge not found!,¡Cargo por transacción no encontrado!,شحنة المعاملة غير موجودة!
Charge Updated Successfully!,Charge Updated Successfully!,¡Cargo actualizado con éxito!,تم تحديث الرسوم بنجاح!
Outside Wallet Address,Outside Wallet Address,Dirección de billetera exterior,عنوان المحفظة الخارجية
Add Outside Wallet Address,Add Outside Wallet Address,Agregar dirección de billetera exterior,أضف عنوان المحفظة الخارجية
Currency Name,Currency Name,Nombre de moneda,اسم العملة
P. Address,P. Address,P. Dirección,P. العنوان
this Outside Wallet?,this Outside Wallet?,esta billetera exterior?,هذه المحفظة الخارجية؟
Option,Option,Opción,خيار
Outside Wallet Create,Outside Wallet Create,Billetera exterior crear,محفظة خارجية
Select Currency,Select Currency,Seleccione el tipo de moneda,اختر العملة
Public Address,Public Address,Direccion publica,عنوان عام
Instruction,Instruction,Instrucción,تعليمات
Field Necessity,Field Necessity,Necesidad de campo,ضرورة الحقل
Textarea,Textarea,Textea,Textarea
File,File,Archivo,ملف
Input Text,Input Text,Texto de entrada,أدخل نصآ
Field Name,Field Name,Nombre del campo,اسم الحقل
Data fetch successfully,Data fetch successfully,Los datos obtienen con éxito,جلب البيانات بنجاح
The currency field is required.,The currency field is required.,Se requiere el campo de divisas.,حقل العملة مطلوب.
The public address field is required.,The public address field is required.,Se requiere el campo de la dirección pública.,حقل العنوان العام مطلوب.
Outside Address already exists!,Outside Address already exists!,¡La dirección exterior ya existe!,عنوان خارج موجود بالفعل!
Outside wallet created successfully.,Outside wallet created successfully.,Fuera de la billetera creada con éxito.,خلق محفظة خارجية بنجاح.
Outside Wallet Edit,Outside Wallet Edit,Edición de billetera exterior,تحرير المحفظة الخارجية
Collect Data,Collect Data,Recolectar datos,اجمع بيانات
Field Types,Field Types,Tipos de campo,أنواع الحقل
Max File Size (mb),Max File Size (mb),Tamaño de archivo máximo (MB),حجم الملف الأقصى (MB)
File Extension,File Extension,Extensión de archivo,امتداد الملف
Min Character,Min Character,Carácter mínimo,شخصية دقيقة
Max Character,Max Character,Personaje máximo,الحد الأقصى للشخصية
Outside wallet Updated successfully.,Outside wallet Updated successfully.,Billetera exterior actualizada con éxito.,تم تحديث محفظة خارجية بنجاح.
Outside Wallet Deleted Successfully!,Outside Wallet Deleted Successfully!,¡Fuera de la billetera eliminada con éxito!,محفظة خارجية تم حذفها بنجاح!
Outside Wallet status updated successfully!,Outside Wallet status updated successfully!,Estado de la billetera exterior actualizado con éxito!,تم تحديث حالة المحفظة الخارجية بنجاح!
Required,Required,Requerido,مطلوب
Confirm Buy Crypto Logs,Confirm Buy Crypto Logs,Confirmar comprar registros de cifrado,تأكيد شراء سجلات التشفير
Pending Buy Crypto Logs,Pending Buy Crypto Logs,Pendiente comprar registros de cifrado,في انتظار شراء سجلات التشفير
All Buy Crypto Logs,All Buy Crypto Logs,Todos compran registros de cifrado,كل شراء سجلات التشفير
Rejected Buy Crypto Logs,Rejected Buy Crypto Logs,Rechazado Comprar registros de cifrado,رفض شراء سجلات التشفير
Buy Crypto Log Details,Buy Crypto Log Details,Comprar detalles de registro de cifrado,شراء تفاصيل سجل التشفير
Sender Information,Sender Information,Información del remitente,معلومات المرسل
Wallet Name,Wallet Name,Nombre de billetera,اسم المحفظة
IP,IP,IP,IP
Browser,Browser,Navegador,متصفح
OS,OS,OS,نظام التشغيل
Timezone,Timezone,Zona horaria,وحدة زمنية
Transaction Device Information,Transaction Device Information,Información del dispositivo de transacción,معلومات جهاز المعاملة
Payment Summary,Payment Summary,Resumen de pago,ملخص الدفع
Transaction Number,Transaction Number,Número de transacción,رقم التحويلة
Transaction Type,Transaction Type,tipo de transacción,نوع المعاملة
Payment Gateway,Payment Gateway,Pasarela,بوابة الدفع
Send Amount,Send Amount,Enviar un monto,أرسل المبلغ
Total Charge,Total Charge,Carga total,القيمة الاجمالية
Payable Amount,Payable Amount,Cantidad a pagar,مبلغ مستحق الدفع
Payment Status,Payment Status,Estado de pago,حالة السداد
Remark,Remark,Observación,ملاحظة
Are you sure to CONFIRM this transaction?,Are you sure to CONFIRM this transaction?,¿Estás seguro de confirmar esta transacción?,هل أنت متأكد من تأكيد هذه الصفقة؟
All Exchange Crypto Logs,All Exchange Crypto Logs,Todos los registros de cripto de intercambio,جميع سجلات تشفير التبادل
Confirm Exchange Crypto Logs,Confirm Exchange Crypto Logs,Confirmar los registros de cripto de intercambio,تأكيد سجلات تشفير التبادل
Exchange Crypto Log Details,Exchange Crypto Log Details,Detalles del registro de cripto de intercambio,تبادل تفاصيل سجل التشفير
Receiver Information,Receiver Information,información del receptor,معلومات استقبال
Pending Exchange Crypto Logs,Pending Exchange Crypto Logs,Pendiente de intercambio de registros criptográficos,في انتظار سجلات التشفير
Rejected Exchange Crypto Logs,Rejected Exchange Crypto Logs,Registros de cripto de intercambio rechazados,سجلات تشفير التبادل المرفوضة
All Sell Crypto Logs,All Sell Crypto Logs,Todos venden registros de cifrado,جميع بيع سجلات التشفير
Confirm Sell Crypto Logs,Confirm Sell Crypto Logs,Confirmar vender registros de cifrado,تأكيد بيع سجلات التشفير
Sell Crypto Log Details,Sell Crypto Log Details,Vender detalles del registro de cifrado,بيع تفاصيل سجل التشفير
Pending Sell Crypto Logs,Pending Sell Crypto Logs,Pendiente vender registros de cifrado,معلقة بيع سجلات التشفير
Rejected Sell Crypto Logs,Rejected Sell Crypto Logs,Rechazados Vender registros de cifrado,تم رفض بيع سجلات التشفير
All Withdraw Crypto Logs,All Withdraw Crypto Logs,Todos los registros de cifrado retiran,كل سجلات السحب المشفرة
Confirm Withdraw Crypto Logs,Confirm Withdraw Crypto Logs,Confirmar retirar registros de cifrado,تأكيد سحب سجلات التشفير
Withdraw Crypto Log Details,Withdraw Crypto Log Details,Retirar detalles del registro de cifrado,سحب تفاصيل سجل التشفير
Wallet Code,Wallet Code,Código de billetera,رمز المحفظة
Pending Withdraw Crypto Logs,Pending Withdraw Crypto Logs,Pendiente retirar registros criptográficos,في انتظار سحب سجلات التشفير
Rejected Withdraw Crypto Logs,Rejected Withdraw Crypto Logs,Rechazos de retiro de criptografía rechazada,رفض سحب سجلات التشفير
Transaction Status updated successfully,Transaction Status updated successfully,Estado de transacción actualizado correctamente,تم تحديث حالة المعاملة بنجاح
Transaction Rejected successfully,Transaction Rejected successfully,Transacción rechazada con éxito,رفضت المعاملة بنجاح
Action,Action,Acción,فعل
Current Balance,Current Balance,Saldo actual,الرصيد الحالي
Active Tickets,Active Tickets,Boletos activos,تذاكر نشطة
User Overview,User Overview,Descripción general del usuario,نظرة عامة على المستخدم
Add/Subtract Balance,Add/Subtract Balance,Balance de suma/reste,إضافة/طرح التوازن
Login Logs,Login Logs,Iniciar sesión,سجلات تسجيل الدخول
Send Email,Send Email,Enviar correo electrónico,ارسل بريد الكتروني
Login as Member,Login as Member,Iniciar sesión como miembro,تسجيل الدخول كعضو
Email Logs,Email Logs,Registros de correo electrónico,سجلات البريد الإلكتروني
Last Login,Last Login,Último acceso,آخر تسجيل دخول
Information of User,Information of User,Información del usuario,معلومات المستخدم
2FA Verification,2FA Verification,Verificación de 2FA,2FA التحقق
Email Verification,Email Verification,verificacion de email,تأكيد بواسطة البريد الالكتروني
User Status,User Status,Estatus de usuario,حالة المستخدم
Banned,Banned,Prohibido,محظور
Verified,Verified,Verificado,تم التحقق
Select Type,Select Type,Seleccione tipo,اختر صنف
Balance Add,Balance Add,Balance Agregar,إضافة التوازن
Balance Subtract,Balance Subtract,Balance Restar,توازن طرح
Select User Wallet,Select User Wallet,Seleccione la billetera del usuario,حدد محفظة المستخدم
User Wallet,User Wallet,Billetera del usuario,محفظة المستخدم
Mail successfully sended,Mail successfully sended,Correo enviado correctamente,تم إرسال البريد بنجاح
Email successfully sended,Email successfully sended,Correo electrónico enviado correctamente,أرسل البريد الإلكتروني بنجاح
Opps! User not exists,Opps! User not exists,¡Opps! El usuario no existe,أوس! المستخدم لا يوجد
User wallet not found!,User wallet not found!,¡Billetera de usuario no encontrada!,محفظة المستخدم لم يتم العثور عليها!
User do not have sufficient balance,User do not have sufficient balance,El usuario no tiene suficiente equilibrio,المستخدم ليس لديه توازن كاف
Transaction success,Transaction success,Éxito de la transacción,نجاح المعاملة
Full Name,Full Name,Nombre completo,الاسم الكامل
Phone Number,Phone Number,Número de teléfono,رقم التليفون
Close,Close,Cerca,يغلق
Send,Send,Enviar,يرسل
SL,SL,SLE,SL
MAC,MAC,MAC,ماك
Location,Location,Ubicación,موقع
Login at,Login at,Iniciar sesión en,تسجيل الدخول في
User Login Logs,User Login Logs,Registros de inicio de sesión de usuario,سجلات تسجيل الدخول المستخدم
User Email Logs,User Email Logs,Registros de correo electrónico de usuario,سجلات البريد الإلكتروني للمستخدم
Mail Sender(Method),Mail Sender(Method),Remitente de correo (método),مرسل البريد (الطريقة)
Select Users,Select Users,Seleccionar usuarios,حدد المستخدمين
Add Admin,Add Admin,Agregar administrador,إضافة المسؤول
Admin Profile Image,Admin Profile Image,Imagen de perfil de administración,صورة ملف تعريف المسؤول
Select Role,Select Role,Rol de selección,حدد الدور
Generate,Generate,Generar,يولد
Edit Admin,Edit Admin,Editar administrador,تحرير المسؤول
New admin created successfully!,New admin created successfully!,¡Nuevo administrador creado con éxito!,تم إنشاء مسؤول جديد بنجاح!
Failed to assign role.,Failed to assign role.,No se pudo asignar el rol.,فشل في تعيين الدور.
Admin information updated successfully!,Admin information updated successfully!,Información de administración actualizada con éxito!,معلومات المسؤول تحديث بنجاح!
All Admin Roles,All Admin Roles,Todos los roles de administración,جميع أدوار المشرف
Role Name,Role Name,Nombre de rol,اسم الدور
Asign Admin,Asign Admin,Asignar administrador,تعيين المشرف
Add New Role,Add New Role,Agregar un nuevo rol,أضف دورًا جديدًا
Edit Role,Edit Role,Rol de edición,تحرير الدور
Are you sure to delete this role?,Are you sure to delete this role?,¿Estás seguro de eliminar este papel?,هل أنت متأكد من حذف هذا الدور؟
Admin not found!,Admin not found!,Admin no encontrado!,المسؤول لم يتم العثور عليه!
Admin status updated successfully!,Admin status updated successfully!,Estado de administrador actualizado con éxito!,تم تحديث حالة المسؤول بنجاح!
Admin role created successfully!,Admin role created successfully!,¡Rol de administración creado con éxito!,تم إنشاء دور المسؤول بنجاح!
Opps! Target role not found!,Opps! Target role not found!,¡Opps! ¡Rol de objetivo no encontrado!,أوس! الدور المستهدف لم يتم العثور عليه!
Opps! Target not found!,Opps! Target not found!,¡Opps! ¡Objetivo no encontrado!,أوس! الهدف لم يتم العثور عليه!
Admin role updated successfully!,Admin role updated successfully!,¡Rol de administración actualizado con éxito!,تم تحديث دور المسؤول بنجاح!
Super admin role can\'t deletable.,Super admin role can\'t deletable.,El rol super administrador puede ser eliminable.,دور المشرف الفائق يمكن أن يكون قابلاً للحذف.
Target role not found!,Target role not found!,¡Rol de objetivo no encontrado!,الدور المستهدف لم يتم العثور عليه!
Admin role deleted successfully!,Admin role deleted successfully!,¡Rol de administración eliminado con éxito!,تم حذف دور المسؤول بنجاح!
All Permissions,All Permissions,Todos los permisos,جميع الأذونات
Permission Name,Permission Name,Nombre de permiso,اسم إذن
Add New Permission,Add New Permission,Agregar nuevo permiso,أضف إذنًا جديدًا
Edit Permission,Edit Permission,Editar permiso,تحرير إذن
Permission created successfully!,Permission created successfully!,¡Permiso creado con éxito!,إذن تم إنشاؤه بنجاح!
Permission updated successfully!,Permission updated successfully!,¡Permiso actualizado con éxito!,تم تحديث إذن بنجاح!
Permission deleted successfully!,Permission deleted successfully!,¡Permiso eliminado con éxito!,تم حذف إذن بنجاح!
Role permission not found!,Role permission not found!,¡Permiso de rol no encontrado!,إذن الدور غير موجود!
Permission assign successfully!,Permission assign successfully!,Permiso asignar con éxito!,إذن تخصيص بنجاح!
Permission not found!,Permission not found!,¡Permiso no encontrado!,إذن لم يتم العثور عليه!
Admin deleted successfully!,Admin deleted successfully!,Admin eliminado con éxito!,تم حذف المسؤول بنجاح!
Site Base Color,Site Base Color,Color base del sitio,لون قاعدة الموقع
Site Name,Site Name,Nombre del sitio,اسم الموقع
Site Title,Site Title,Título del sitio,عنوان الموقع
Select Timezone,Select Timezone,Selecciona la zona horaria,اختر المجال الزمني
OTP Expiration,OTP Expiration,Vencimiento de OTP,انتهاء صلاحية OTP
Activation Settings,Activation Settings,Configuración de activación,إعدادات التنشيط
Secure Password,Secure Password,Contraseña segura,كلمة مرور تأمين
Agree Policy,Agree Policy,Política de acuerdo,توافق على السياسة
User Registration,User Registration,registro de usuario,تسجيل المستخدم
Force SSL,Force SSL,Forzar SSL,قوة SSL
Email Notification,Email Notification,Notificación de correo electrónico,إشعار البريد الإلكتروني
KYC Verification,KYC Verification,Verificación de KYC,التحقق من KYC
Activated,Activated,Activado,مفعل
Deactivated,Deactivated,Desactivado,إلغاء تنشيطه
The base color field is required.,The base color field is required.,Se requiere el campo de color base.,حقل اللون الأساسي مطلوب.
The web version field is required.,The web version field is required.,Se requiere el campo de la versión web.,حقل إصدار الويب مطلوب.
The site name field is required.,The site name field is required.,Se requiere el campo Nombre del sitio.,حقل اسم الموقع مطلوب.
The site title field is required.,The site title field is required.,Se requiere el campo de título del sitio.,حقل عنوان الموقع مطلوب.
The optp exp seconds field is required.,The optp exp seconds field is required.,Se requiere el campo OPTP EXP segundos.,مطلوب حقل OPTP Exp Seconds.
The timezone field is required.,The timezone field is required.,Se requiere el campo de la zona horaria.,مطلوب حقل المنطقة الزمنية.
Basic settings updated successfully!,Basic settings updated successfully!,Configuración básica actualizada con éxito!,الإعدادات الأساسية تحديث بنجاح!
Please setup KYC field first. Go to [Setup KYC] page from sidebar,Please setup KYC field first. Go to [Setup KYC] page from sidebar,Configure el campo KYC primero. Vaya a la página [Configurar KYC] desde la barra lateral,يرجى إعداد حقل KYC أولاً. انتقل إلى صفحة [Setup KYC] من الشريط الجانبي
You have to configure your system mail first.,You have to configure your system mail first.,Primero debe configurar el correo de su sistema.,يجب عليك تكوين بريد النظام الخاص بك أولاً.
Basic settings not found!,Basic settings not found!,Configuración básica no encontrada!,الإعدادات الأساسية غير موجودة!
Basic settings status updated successfully!,Basic settings status updated successfully!,Estado de configuración básica actualizada correctamente!,تم تحديث حالة الإعدادات الأساسية بنجاح!
Logo (Light Version),Logo (Light Version),Logotipo (versión ligera),شعار (إصدار الضوء)
Logo (Dark Version),Logo (Dark Version),Logotipo (versión oscura),شعار (نسخة مظلمة)
Favicon (Light Version),Favicon (Light Version),Favicon (versión ligera),Favicon (نسخة خفيفة)
Favicon (Dark Version),Favicon (Dark Version),Favicon (versión oscura),Favicon (نسخة مظلمة)
Basic setting not found! Please run database seeder,Basic setting not found! Please run database seeder,Configuración básica no encontrada! Ejecute un semiller de base de datos,الإعداد الأساسي لم يتم العثور عليه! الرجاء تشغيل قاعدة البيانات بذور
No changes to update.,No changes to update.,No hay cambios en la actualización.,لا توجد تغييرات للتحديث.
Image assets updated successfully!,Image assets updated successfully!,¡Activos de imagen actualizados con éxito!,تم تحديث أصول الصورة بنجاح!
Search Engine Optimization (SEO),Search Engine Optimization (SEO),Optimización de motores de búsqueda (SEO),تحسين محرك البحث (SEO)
Thumbnail Image,Thumbnail Image,Imagen en miniatura,صورة مصغرة
Social Title,Social Title,Título social,العنوان الاجتماعي
Social Description,Social Description,Descripción social,الوصف الاجتماعي
Tags,Tags,Etiquetas,العلامات
The title field is required.,The title field is required.,Se requiere el campo de título.,مطلوب حقل العنوان.
SEO information updated successfully!,SEO information updated successfully!,¡Información de SEO actualizada con éxito!,تم تحديث معلومات كبار المسئولين الاقتصاديين بنجاح!
Image,Image,Imagen,صورة
App Version,App Version,Version de aplicacion,نسخة التطبيق
The version field is required.,The version field is required.,Se requiere el campo de versión.,حقل الإصدار مطلوب.
Splash screen updated successfully!,Splash screen updated successfully!,¡Pantalla de salpicaduras actualizada con éxito!,تم تحديث شاشة دفقة بنجاح!
Android App URL,Android App URL,URL de la aplicación Android,Android App URL
iOS App URL,iOS App URL,URL de la aplicación iOS,IOS APP URL
The url title field is required.,The url title field is required.,Se requiere el campo de título de URL.,حقل عنوان عنوان URL مطلوب.
The android url field is required.,The android url field is required.,Se requiere el campo URL de Android.,مطلوب حقل url Android.
URL settings updated successfully!,URL settings updated successfully!,Configuración de URL actualizada con éxito!,تحديث إعدادات URL بنجاح!
Add New Screen,Add New Screen,Agregar nueva pantalla,أضف شاشة جديدة
Sub Title,Sub Title,Subtítulo,العنوان الفرعي
KYC Unverified,KYC Unverified,KYC no verificado,KYC غير التحقق
Edit KYC,Edit KYC,Editar kyc,تحرير KYC
KYC Profile,KYC Profile,Perfil de KYC,ملف KYC
Zip/Postal,Zip/Postal,Código postal,الرمز البريدي
Information of Logs,Information of Logs,Información de los registros,معلومات السجلات
File not found!,File not found!,¡Archivo no encontrado!,لم يتم العثور على الملف!
Proof Of Indentity,Proof Of Indentity,Prueba de sangría,إثبات البادئة
KYC Information,KYC Information,Información de KYC,معلومات KYC
Your KYC information is submited. Please wait for admin confirmation. When you are KYC verified you will show your submited information here.,Your KYC information is submited. Please wait for admin confirmation. When you are KYC verified you will show your submited information here.,"Se envía su información de KYC. Espere la confirmación del administrador. Cuando esté verificado KYC, mostrará su información enviada aquí.",معلومات KYC الخاصة بك هي وضعت. يرجى انتظار تأكيد المسؤول. عندما يتم التحقق من KYC ، ستعرض معلوماتك المأهولة هنا.
Your KYC information is verified,Your KYC information is verified,Su información de KYC está verificada,تم التحقق من معلومات KYC الخاصة بك
Your KYC information is rejected.,Your KYC information is rejected.,Su información de KYC es rechazada.,تم رفض معلومات KYC الخاصة بك.
Verify KYC,Verify KYC,Verificar KYC,تحقق من KYC
Edit Screen,Edit Screen,Pantalla de edición,تحرير الشاشة
The image field is required.,The image field is required.,Se requiere el campo de la imagen.,حقل الصورة مطلوب.
Onboard Screen Added Successfully!,Onboard Screen Added Successfully!,¡Pantalla a bordo agregada con éxito!,أضافت الشاشة على متن الطائرة بنجاح!
Onboard screen not found!,Onboard screen not found!,¡Pantalla a bordo no encontrada!,على متن الشاشة غير موجودة!
Onboard screen status updated successfully!,Onboard screen status updated successfully!,Estado de la pantalla a bordo actualizado correctamente!,تم تحديث حالة الشاشة على متن الطائرة بنجاح!
Onboard screen information updated successfully!,Onboard screen information updated successfully!,Información de pantalla a bordo actualizada correctamente!,تم تحديث معلومات الشاشة على متن الطائرة بنجاح!
Screen deleted successfully!,Screen deleted successfully!,¡Pantalla eliminada con éxito!,تم حذف الشاشة بنجاح!
There is no default language in your system. System will automatically select English as a default language.,There is no default language in your system. System will automatically select English as a default language.,No hay lenguaje predeterminado en su sistema. El sistema seleccionará automáticamente el inglés como idioma predeterminado.,لا توجد لغة افتراضية في نظامك. سيقوم النظام تلقائيًا بتحديد اللغة الإنجليزية كلغة افتراضية.
Add Language,Add Language,Agregar lenguaje,إضافة لغة
Language Manager,Language Manager,Administrador de idiomas,مدير اللغة
Selectable,Selectable,Seleccionable,يمكن اختياره
Import,Import,Importar,يستورد
Language Name,Language Name,Nombre del lenguaje,اسم اللغة
Language Code,Language Code,Código de lenguaje,رمز اللغة
Direction,Direction,Dirección,اتجاه
LTR,LTR,LTR,LTR
RTL,RTL,RTL,RTL
Language created successfully!,Language created successfully!,¡Lenguaje creado con éxito!,اللغة التي تم إنشاؤها بنجاح!
Edit Language,Edit Language,Editar lenguaje,تحرير اللغة
Language Information,Language Information,Información del idioma,معلومات اللغة
Language status updated successfully!,Language status updated successfully!,Estado del idioma actualizado con éxito!,تم تحديث حالة اللغة بنجاح!
Please deselect your default language first.,Please deselect your default language first.,"Por favor, anule la selección de su idioma predeterminado.",يرجى إلغاء تحديد لغتك الافتراضية أولاً.
Language deleted successfully!,Language deleted successfully!,Lenguaje eliminado con éxito!,تم حذف اللغة بنجاح!
Language updated successfully!,Language updated successfully!,¡Lenguaje actualizado con éxito!,تم تحديث اللغة بنجاح!
Opps! Language not found!,Opps! Language not found!,¡Opps! ¡Lenguaje no encontrado!,أوس! اللغة لم يتم العثور عليها!
File does not exists.,File does not exists.,El archivo no existe.,الملف لا يوجد.
Language Keywords of English,Language Keywords of English,Palabras clave del idioma del inglés,الكلمات الرئيسية للغة للغة الإنجليزية
Email Send Method,Email Send Method,Método de envío de correo electrónico,طريقة إرسال البريد الإلكتروني
Send Mail,Send Mail,Enviar correo,ارسل بريد
Host,Host,Anfitrión,يستضيف
Port,Port,Puerto,ميناء
Excryption,Excryption,Excryción,excryption
SSL,SSL,Ssl,SSL
TLS,TLS,TLS,TLS
Send Test Mail,Send Test Mail,Enviar correo de prueba,إرسال بريد الاختبار
Information updated successfully!,Information updated successfully!,Información actualizada con éxito!,تم تحديث المعلومات بنجاح!
Email send successfully!,Email send successfully!,¡Envíe el correo electrónico con éxito!,إرسال البريد الإلكتروني بنجاح!
The method field is required.,The method field is required.,Se requiere el campo de método.,حقل الطريقة مطلوب.
The host field is required.,The host field is required.,Se requiere el campo de host.,حقل المضيف مطلوب.
The port field is required.,The port field is required.,Se requiere el campo portuario.,حقل المنفذ مطلوب.
The encryption field is required.,The encryption field is required.,Se requiere el campo de cifrado.,حقل التشفير مطلوب.
The username field is required.,The username field is required.,Se requiere el campo de nombre de usuario.,حقل اسم المستخدم مطلوب.
Deactive,Deactive,Desactivo,إلهي
Setup KYC,Setup KYC,Configurar KYC,إعداد KYC
KYC Data Form,KYC Data Form,Formulario de datos de KYC,نموذج بيانات KYC
"ex: jpg, png, pdf","ex: jpg, png, pdf","Ej: JPG, PNG, PDF",على سبيل المثال: JPG ، PNG ، PDF
Options,Options,Opción,خيارات
KYC status updated successfully!,KYC status updated successfully!,Estado de KYC actualizado con éxito!,تم تحديث حالة KYC بنجاح!
Button Image,Button Image,Imagen de botón,زر الصورة
Section Title,Section Title,Sección de título,عنوان القسم
Heading,Heading,Título,عنوان
For Separate Heading color use '|' sing to divide,For Separate Heading color use '|' sing to divide,Para el uso de color de encabezado separado '|' cantar para dividir,لاستخدام لون العنوان المنفصل '|' الغناء للتقسيم
Sub Heading,Sub Heading,Subtítulos,العنوان الفرعي
Button Name,Button Name,Nombre del botón,اسم الزر
Button Link,Button Link,Enlace de botón,رابط زر
Section updated successfully!,Section updated successfully!,Sección actualizada con éxito!,تم تحديث القسم بنجاح!
For color use '[]',For color use '[]',Para el uso del color '[]',لاستخدام اللون '[]'
Add New Security,Add New Security,Agregar nueva seguridad,أضف أمنًا جديدًا
Icon,Icon,Icono,أيقونة
Edit Security Item,Edit Security Item,Editar elemento de seguridad,تحرير عنصر الأمان
Section item added successfully!,Section item added successfully!,¡Artículo de sección agregado con éxito!,تم إضافة عنصر القسم بنجاح!
Section item deleted successfully!,Section item deleted successfully!,Sección Artículo eliminado con éxito!,تم حذف عنصر القسم بنجاح!
Section item status updated successfully!,Section item status updated successfully!,Estado del elemento de sección actualizado correctamente!,تم تحديث حالة عنصر القسم بنجاح!
Items not found or invalid!,Items not found or invalid!,¡Artículos no encontrados o inválidos!,العناصر غير موجودة أو غير صالحة!
Add Step,Add Step,Agregar paso,أضف خطوة
Add Item,Add Item,Añadir artículo,اضافة عنصر
Section item updated successfully!,Section item updated successfully!,¡Sección Artículo actualizado con éxito!,تم تحديث عنصر القسم بنجاح!
Link,Link,Enlace,وصلة
Counter Value,Counter Value,Valor del contador,قيمة العداد
Add Statistic,Add Statistic,Agregar estadística,أضف الإحصاء
Social Links,Social Links,vínculos sociales,روابط اجتماعية
Question,Question,Pregunta,سؤال
Answer,Answer,Respuesta,إجابة
Add Service,Add Service,Agregar servicio,أضف الخدمة
Edit Service,Edit Service,Editar servicio,تحرير الخدمة
Add New Faq,Add New Faq,Agregar nuevas preguntas frecuentes,أضف الأسئلة الشائعة الجديدة
Edit Solution,Edit Solution,Solución de edición,تحرير الحل
Web blog Dashboard,Web blog Dashboard,Tablero de blogs web,لوحة معلومات مدونة الويب
Add Category,Add Category,añadir categoría,إضافة فئة
Add New Blog,Add New Blog,Agregar nuevo blog,أضف مدونة جديدة
Total Category,Total Category,Categoría total,إجمالي الفئة
Active Category,Active Category,Categoría activa,فئة نشطة
Active Blogs,Active Blogs,Blogs activos,المدونات النشطة
Deactive Blogs,Deactive Blogs,Blogs desactivos,مدونات إلهي
this blog?,this blog?,este blog?,هذه المدونة؟
this item?,this item?,¿éste ítem?,هذه الماده؟
Edit Item,Edit Item,Elemento de edición,تعديل عنصر
Add FAQ,Add FAQ,Agregar preguntas frecuentes,إضافة الأسئلة الشائعة
Web Blog Section,Web Blog Section,Sección de blogs web,قسم مدونة الويب
New Blog Create,New Blog Create,Nuevo blog crea,مدونة جديدة إنشاء
Add Tags,Add Tags,Agregar etiquetas,اضف اشارة
Blog Edit Page,Blog Edit Page,Página de edición de blog,صفحة تحرير المدونة
Blog Categories,Blog Categories,Categorías de blogs,فئات المدونة
Add Blog Category,Add Blog Category,Añadir categoría de blog,أضف فئة المدونة
Edit Blog Category,Edit Blog Category,Editar categoría de blog,تحرير فئة المدونة
Category added successfully.,Category added successfully.,Categoría agregada con éxito.,وأضاف الفئة بنجاح.
Category status updated successfully!,Category status updated successfully!,Estado de categoría actualizado con éxito!,تحديث حالة الفئة بنجاح!
Blog Category Updated Successfully.,Blog Category Updated Successfully.,Categoría de blog actualizada con éxito.,تم تحديث فئة المدونة بنجاح.
Category successfully deleted.,Category successfully deleted.,Categoría eliminada con éxito.,تم حذف الفئة بنجاح.
Blog deleted successfully!,Blog deleted successfully!,¡Blog eliminado con éxito!,تم حذف المدونة بنجاح!
Blog Data Updated Successfully.,Blog Data Updated Successfully.,Datos de blog actualizados con éxito.,تم تحديث بيانات الفكرة بنجاح.
Blog status updated successfully!,Blog status updated successfully!,Estado del blog actualizado con éxito!,تم تحديث حالة المدونة بنجاح!
Blog created successfully!,Blog created successfully!,Blog creado con éxito!,تم إنشاء المدونة بنجاح!
Select Category,Select Category,selecciona una categoría,اختر الفئة
this category?,this category?,esta categoría?,هذه الفئة؟
Page Name,Page Name,Nombre de la página,اسم الصفحة
Setup Page status updated successfully!,Setup Page status updated successfully!,Estado de la página de configuración actualizado correctamente!,تم تحديث حالة صفحة الإعداد بنجاح!
Instructions,Instructions,Instrucciones,تعليمات
Update Extension,Update Extension,Extensión de actualización,تمديد تحديث
Add Link,Add Link,Añadir enlace,إضافة رابط
Slug,Slug,Babosa,سبيكة
Content,Content,Contenido,محتوى
Use for make page link (URL),Use for make page link (URL),Usar para hacer el enlace de página (URL),استخدم لجعل رابط الصفحة (URL)
Are you sure to delete this link?,Are you sure to delete this link?,¿Estás seguro de eliminar este enlace?,هل أنت متأكد من حذف هذا الرابط؟
Useful link added successfully!,Useful link added successfully!,Enlace útil agregado con éxito!,رابط مفيد أضيفت بنجاح!
Edit Usefull Link,Edit Usefull Link,Editar enlace útil,تحرير رابط مفيد
Useful link updated successfully!,Useful link updated successfully!,Enlace útil actualizado con éxito!,رابط مفيد تم تحديثه بنجاح!
Useful link deleted successfully!,Useful link deleted successfully!,Enlace útil eliminado con éxito!,رابط مفيد تم حذفه بنجاح!
Useful link status updated successfully!,Useful link status updated successfully!,Estado útil del enlace actualizado correctamente!,تم تحديث حالة الرابط المفيدة بنجاح!
Website Subscribers,Website Subscribers,Suscriptores del sitio web,مشتركي الموقع
Send Mail to All,Send Mail to All,Enviar correo a todos,أرسل البريد إلى الجميع
Send mail to all subscribers,Send mail to all subscribers,Enviar correo a todos los suscriptores,أرسل بريدًا إلى جميع المشتركين
Reply sended successfully!,Reply sended successfully!,¡Respuesta enviada con éxito!,رد أرسل بنجاح!
Automatic Payment Method,Automatic Payment Method,Método de pago automático,طريقة الدفع التلقائي
Gateway,Gateway,Puerta,بوابة
Supported Currency,Supported Currency,Moneda compatible,العملة المدعومة
Enabled Currency,Enabled Currency,Moneda habilitada,عملة ممكّنة
Gateway Image,Gateway Image,Imagen de puerta de enlace,بوابة صورة
Add Automatic Gateway,Add Automatic Gateway,Agregar puerta de enlace automática,إضافة بوابة تلقائية
Gateway Name,Gateway Name,Nombre de la puerta de enlace,اسم البوابة
Gateway Title,Gateway Title,Título de puerta de enlace,عنوان البوابة
Supported Currencies,Supported Currencies,Monedas compatibles,العملات المدعومة
Genarate Fields,Genarate Fields,Campos de genarato,حقول الجينارات
Value,Value,Valor,قيمة
Update Gateway,Update Gateway,Actualización de la puerta de enlace,تحديث بوابة
Crypto,Crypto,Cripto,تشفير
Gateway Environment,Gateway Environment,Entorno de puerta de enlace,بيئة بوابة
Production,Production,Producción,إنتاج
Sandbox,Sandbox,Salvadera,صندوق الرمل
Crypto Assets,Crypto Assets,Activos criptográficos,أصول التشفير
Global Setting for,Global Setting for,Escenario global para,الإعداد العالمي ل
in bellow,in bellow,a la derecha,في دار العالي
Total Supported Currency,Total Supported Currency,Moneda total compatible,إجمالي العملة المدعومة
Amount Limit,Amount Limit,Límite de cantidad,حد المبلغ
Minimum,Minimum,Mínimo,الحد الأدنى
Maximum,Maximum,Máximo,أقصى
Charge,Charge,Cargar,تكلفة
Fixed,Fixed,Fijado,مُثَبَّت
Percent,Percent,Por ciento,نسبه مئويه
The gateway name has already been taken.,The gateway name has already been taken.,El nombre de la puerta de entrada ya ha sido tomado.,تم بالفعل أخذ اسم البوابة.
Payment gateway added successfully!,Payment gateway added successfully!,¡PAGO GIERTWAY agregado con éxito!,وأضاف بوابة الدفع بنجاح!
Payment gateway status updated successfully!,Payment gateway status updated successfully!,Estado de la pasarela de pago actualizado correctamente!,تم تحديث حالة بوابة الدفع بنجاح!
Image upload failed! Please try again.,Image upload failed! Please try again.,¡Falló la carga de imagen! Inténtalo de nuevo.,فشل تحميل الصورة! حاول مرة اخرى.
Payment gateway updated successfully!,Payment gateway updated successfully!,¡Pase de pasar por la pasarela actualizada con éxito!,تم تحديث بوابة الدفع بنجاح!
Payment gateway deleted successfully!,Payment gateway deleted successfully!,¡Pague pasarela eliminada con éxito!,تم حذف بوابة الدفع بنجاح!
Manual Payment Method,Manual Payment Method,Método de pago manual,طريقة الدفع اليدوي
Currency Code,Currency Code,Código de moneda,رمز العملة
Currency Symbol,Currency Symbol,Símbolo de moneda,رمز العملة
ex: Paypal,ex: Paypal,Ej: PayPal,على سبيل المثال: PayPal
ex: United State Dollar,ex: United State Dollar,Ej: dólar estatal unido,على سبيل المثال: United State Dollar
ex: USD,ex: USD,Ej: USD,على سبيل المثال: USD
ex: $,ex: $,Ej: $,على سبيل المثال: $
Manual Payment Method Edit,Manual Payment Method Edit,Método de pago manual editar,تحرير طريقة الدفع اليدوي
Manual Payment Method Create,Manual Payment Method Create,Método de pago manual Crear,طريقة الدفع اليدوي
Money Out Add,Money Out Add,Dinero fuera agregado,أموال إضافة
Money Out Edit,Money Out Edit,Dinero fuera editar,المال خارج تحرير
Browser Push Notification Configuration,Browser Push Notification Configuration,Configuración de notificación de push del navegador,تكوين إشعار دفع المتصفح
Method,Method,Método,طريقة
Select Method,Select Method,Seleccionar método,حدد الطريقة
Primary key,Primary key,Clave primaria,المفتاح الأساسي
Instance ID,Instance ID,ID de instancia,معرف مثيل
Broadcasting/ Internal Notification Configuration,Broadcasting/ Internal Notification Configuration,Configuración de transmisión/ notificación interna,تكوين الإذاعة/ الإخطار الداخلي
Cluster,Cluster,Grupo,تَجَمَّع
Secret key,Secret key,Llave secreta,المفتاح السري
APP ID,APP ID,ID de aplicación,معرف التطبيق
Body,Body,Cuerpo,جسم
Time,Time,Tiempo,وقت
Latest Notifications,Latest Notifications,Últimas notificaciones,أحدث الإخطارات
Notification Body,Notification Body,Notificación Cuerpo,هيئة الإخطار
Sorry! You have to configure first to send push notification.,Sorry! You have to configure first to send push notification.,¡Lo siento! Debe configurar primero para enviar una notificación push.,آسف! يجب عليك تكوين أولاً لإرسال إشعار الدفع.
Opps! Failed to store information.,Opps! Failed to store information.,¡Opps! No pudo almacenar información.,أوس! فشل في تخزين المعلومات.
Notification sended successfully!,Notification sended successfully!,¡Notificación enviada con éxito!,أرسل الإخطار بنجاح!
Push notification configuration updated successfully!,Push notification configuration updated successfully!,¡Push Notification Configuration actualizada con éxito!,دفع تكوين إشعار تم تحديثه بنجاح!
Policy Link,Policy Link,Enlace de política,رابط السياسة
Cookie information updated successfully!,Cookie information updated successfully!,¡Información de cookies actualizada con éxito!,تم تحديث معلومات ملفات تعريف الارتباط بنجاح!
App Name,App Name,Nombre de la aplicación,اسم التطبيق
App Environment,App Environment,Entorno de aplicaciones,بيئة التطبيق
App Debug,App Debug,Depurar la aplicación,تصحيح التطبيق
App Mode,App Mode,Modo de aplicación,وضع التطبيق
Database Connection,Database Connection,Conexión de base de datos,اتصال قاعدة البيانات
Database Host,Database Host,Host de base de datos,مضيف قاعدة البيانات
Database Port,Database Port,Puerto de base de datos,منفذ قاعدة البيانات
Database Name,Database Name,Nombre de la base de datos,اسم قاعدة البيانات
Database Username,Database Username,Nombre de usuario de la base de datos,قاعدة بيانات قاعدة البيانات
PHP Version,PHP Version,Versión php,إصدار PHP
Laravel Version,Laravel Version,Versión de Laravel,نسخة لارافيل
Server Software,Server Software,Software de servidor,برنامج الخادم
Server IP Address,Server IP Address,Dirección IP del servidor,عنوان IP الخادم
Server Protocol,Server Protocol,Protocolo de servidor,بروتوكول الخادم
Version,Version,Versión,إصدار
"Cache Clear Successfully!","Cache Clear Successfully!","¡Cache, claro con éxito!","ذاكرة التخزين المؤقت واضح بنجاح!"
"Language switch successfully!","Language switch successfully!","¡Cambio de idioma con éxito!","تبديل اللغة بنجاح!"
No new notification found!,No new notification found!,¡No se encontró una nueva notificación!,لم يتم العثور على إشعار جديد!
Password Change,Password Change,Cambio de contraseña,تغيير كلمة السر
Language,Language,Idioma,لغة
English,English,Inglés,إنجليزي
Dark Mode,Dark Mode,Modo oscuro,الوضع المظلم
Light Mode,Light Mode,Modo de luz,وضع الضوء
RTL Support,RTL Support,Soporte RTL,دعم RTL
Categories,Categories,Categorías,فئات
Recent Posts,Recent Posts,Mensajes recientes,المشاركات الاخيرة
Category,Category,Categoría,فئة
Select Language,Select Language,Seleccione el idioma,اختار اللغة
"Language File (.xlsx, .csv)","Language File (.xlsx, .csv)","Archivo de idioma (.xlsx, .csv)",ملف اللغة (.xlsx ، .csv)
Mail From Address,Mail From Address,Correo desde la dirección,البريد من العنوان
Min Sidebar Color,Min Sidebar Color,Min Color de la barra lateral,لون الشريط الجانبي
Sidebar Color,Sidebar Color,Color de la barra lateral,لون الشريط الجانبي
Topbar Color,Topbar Color,Color topbar,لون الشريط
Layout Mode,Layout Mode,Modo de diseño,وضع التصميم
Total Buy Crypto Transactions,Total Buy Crypto Transactions,Total de compra de transacciones criptográficas,إجمالي شراء معاملات التشفير
Convert Amount,Convert Amount,Convierta la cantidad,تحويل المبلغ
You cannot exchange crypto using the same wallet,You cannot exchange crypto using the same wallet,No puedes intercambiar cripto usando la misma billetera,لا يمكنك تبادل التشفير باستخدام نفس المحفظة
Basic Settings Data Fetch Successfully.,Basic Settings Data Fetch Successfully.,Configuración básica Los datos obtienen éxito.,إعدادات الإعدادات الأساسية جلب بنجاح.
Language data fetch successfully!,Language data fetch successfully!,¡Los datos del idioma obtienen con éxito!,جلب بيانات اللغة بنجاح!
Notification Data Fetch Successfuly.,Notification Data Fetch Successfuly.,Los datos de notificación obtienen éxito.,بيانات الإخطار جلبت ناجحة.
Country List Fetch Successfully!,Country List Fetch Successfully!,"¡Lista de país, obtenga con éxito!",القائمة الريفية جلب بنجاح!
Active Ticket,Active Ticket,Boleto activo,تذكرة نشطة
Solved Ticket,Solved Ticket,Boleto resuelto,تذكرة حل
Pending Ticket,Pending Ticket,Boleto pendiente,تذكرة معلقة
All Ticket,All Ticket,Todo el boleto,كل التذاكر
Outside Address already exists in selected currency and network!,Outside Address already exists in selected currency and network!,¡Ya existe una dirección exterior en moneda y red seleccionadas!,يوجد بالفعل العنوان الخارجي في العملة والشبكة المختارة!
Outside Public Address already exists!,Outside Public Address already exists!,¡Ya existe una dirección pública fuera!,عنوان عام خارج موجود بالفعل!
Min Amount,Min Amount,Mínimo,مبلغ دقيقة
Max Amount,Max Amount,Cantidad máxima,كمية كحد أقصى
Limit,Limit,Límite,حد
Transactions Overview,Transactions Overview,Descripción general de las transacciones,نظرة عامة على المعاملات
Available Balance,Available Balance,Saldo disponible,الرصيد المتوفر
Confirm Payment,Confirm Payment,Confirmar pago,تأكيد الدفع
Canceled,Canceled,Cancelado,ألغيت
Reject,Reject,Rechazar,يرفض
Delayed,Delayed,Demorado,تأخير
Booking,Booking,Reserva,الحجز
Logs,Logs,Registro,السجلات
Confirm Payment Logs,Confirm Payment Logs,Confirmar registros de pago,تأكيد سجلات الدفع
On Hold Logs,On Hold Logs,En espera registros,على سجلات الانتظار
Settled Logs,Settled Logs,Registros establecidos,سجلات تسوية
Complete Logs,Complete Logs,Registros completos,سجلات كاملة
Canceled Logs,Canceled Logs,Registros cancelados,سجلات ملغاة
Failed Logs,Failed Logs,Registros fallidos,سجلات فاشلة
Refunded Logs,Refunded Logs,Registros reembolsados,سجلات استرداد
Delayed Logs,Delayed Logs,Registros retrasados,سجلات تأخر
Dashboard,Dashboard,Panel,لوحة القيادة
Parlour,Parlour,Salón,صالون
Setup Area,Setup Area,Área de configuración,منطقة الإعداد
Parlour List,Parlour List,Lista de salones,قائمة صالون
Payment Method,Payment Method,Método de pago,طريقة الدفع او السداد
Phone,Phone,Teléfono,هاتف
Country,Country,País,دولة
State,State,Estado,ولاية
City,City,Ciudad,مدينة
Zip Code,Zip Code,Código postal,الرمز البريدي
Address,Address,DIRECCIÓN,عنوان
Change Password,Change Password,Cambiar la contraseña,تغيير كلمة المرور
Current Password,Current Password,Contraseña actual,كلمة السر الحالية
New Password,New Password,Nueva contraseña,كلمة المرور الجديدة
Confirm Password,Confirm Password,confirmar Contraseña,تأكيد كلمة المرور
Total Users,Total Users,Usuarios totales,إجمالي المستخدمين
Total Parlours,Total Parlours,Salones totales,إجمالي الصالات
Total Bookings,Total Bookings,Reservas Totales,مجموع حجوزات
Active,Active,Activo,نشيط
Inactive,Inactive,Inactivo,غير نشط
Unverified,Unverified,Inconfirmado,لم يتم التحقق منه
Confirmed,Confirmed,Confirmado,مؤكد
Pending,Pending,Pendiente,قيد الانتظار
Total Blog Category,Total Blog Category,Categoría de blog total,إجمالي فئة المدونة
Total Blogs,Total Blogs,Total de blogs,إجمالي المدونات
Total Support Ticket,Total Support Ticket,Boleto de soporte total,إجمالي تذكرة الدعم
Total Booking Money,Total Booking Money,Dinero de reserva total,إجمالي الحجز أموال
This Month,This Month,Este mes,هذا الشهر
Last Month,Last Month,El mes pasado,الشهر الماضي
Total Fees & Charges,Total Fees & Charges,Tarifas y cargos totales,إجمالي الرسوم والرسوم
Booking Analytics,Booking Analytics,Análisis de reserva,الحجز التحليلات
User Analytics,User Analytics,Análisis de usuarios,تحليلات المستخدم
Latest Bookings,Latest Bookings,Últimas reservas,أحدث الحجوزات
Booking ID,Booking ID,ID de reserva,معرف الحجز
Parlour Name,Parlour Name,Nombre de la sala,اسم صالون
Price,Price,Precio,سعر
P. Method,P. Method,P. método,طريقة P.
On Hold,On Hold,En espera,في الانتظار
Settled,Settled,Establecido,تسوية
Completed,Completed,Terminado,مكتمل
Failed,Failed,Fallido,فشل
Refunded,Refunded,Reintegrado,استرداد
View User,View User,Ver usuario,عرض المستخدم
Download,Download,Descargar,تحميل
Type Here,Type Here,Escriba aquí,أكتب هنا
"The password field is required.","The password field is required.","Se requiere el campo de contraseña.","حقل كلمة المرور مطلوب."
Profile successfully updated!,Profile successfully updated!,Perfil actualizado con éxito!,تم تحديث الملف الشخصي بنجاح!
Password successfully updated,Password successfully updated,Contraseña actualizada correctamente,تم تحديث كلمة المرور بنجاح
The password must be at least 6 characters.,The password must be at least 6 characters.,La contraseña debe tener al menos 6 caracteres.,يجب أن تكون كلمة المرور 6 أحرف على الأقل.
Current password didn\'t match,Current password didn\'t match,La contraseña actual no coincidía,كلمة المرور الحالية لم تطابق
Something went wrong! Please try again,Something went wrong! Please try again,¡Algo salió mal! Inténtalo de nuevo,هناك خطأ ما! حاول مرة اخرى
The firstname field is required.,The firstname field is required.,Se requiere el campo Nombre FirstName.,حقل الاسم الأول مطلوب.
The lastname field is required.,The lastname field is required.,Se requiere el campo LastName.,مطلوب حقل الاسم الأخير.
The current password field is required.,The current password field is required.,Se requiere el campo de contraseña actual.,حقل كلمة المرور الحالي مطلوب.
The password field is required.,The password field is required.,Se requiere el campo de contraseña.,حقل كلمة المرور مطلوب.
The name field is required.,The name field is required.,Se requiere el campo de nombre.,حقل الاسم مطلوب.
The email field is required.,The email field is required.,Se requiere el campo de correo electrónico.,حقل البريد الإلكتروني مطلوب.
The message field is required.,The message field is required.,Se requiere el campo de mensaje.,حقل الرسالة مطلوب.
Enable,Enable,Permitir,يُمكَِن
Disable,Disable,Desactivar,إبطال
Country Flag,Country Flag,Bandera del país,علم الدولة
FIAT,FIAT,FÍAT,فيات
Update,Update,Actualizar,تحديث
Parlour Booking Charges,Parlour Booking Charges,Cargos de reserva de salón,تهم حجز صالون
Add Area,Add Area,Añadir área,إضافة المنطقة
Edit Area,Edit Area,Área de edición,تحرير المنطقة
Are you sure to,Are you sure to,¿Estás seguro de,هل أنت متأكد من ذلك
Area Added Successfully,Area Added Successfully,Área agregada con éxito,تمت إضافة المنطقة بنجاح
Area already exists,Area already exists,El área ya existe,المنطقة موجودة بالفعل
Area updated successfully!,Area updated successfully!,Área actualizada con éxito!,تم تحديث المنطقة بنجاح!
Area Deleted Successfully!,Area Deleted Successfully!,Área eliminada con éxito!,تم حذف المنطقة بنجاح!
Area status updated successfully!,Area status updated successfully!,Estado de área actualizado con éxito!,تم تحديث حالة المنطقة بنجاح!
Experience,Experience,Experiencia,خبرة
Add Parlour,Add Parlour,Agregar salón,أضف صالون
Parlour Create,Parlour Create,Salón crea,صالون خلق
Select Area,Select Area,Área seleccionada,حدد المنطقة
Manager Name,Manager Name,Nombre del gerente,اسم المدير
Speciality,Speciality,Especialidad,تخصص
Contact,Contact,Contacto,اتصال
Off Days,Off Days,Días de descanso,خارج أيام
Number Of Dates,Number Of Dates,Número de fechas,عدد التواريخ
Todays Date,Todays Date,Fecha,تاريخ اليوم
Service,Service,Servicio,خدمة
Service Name,Service Name,Nombre del Servicio,اسم الخدمة
Schedule,Schedule,Cronograma,جدول
From Time,From Time,De vez,من وقت
To Time,To Time,Al tiempo,الى وقت
Client,Client,Cliente,عميل
Parlour Lists,Parlour Lists,Listas de salón,قوائم صالون
Write Manager Name,Write Manager Name,Escribir el nombre del gerente,اكتب اسم المدير
Write Experience,Write Experience,Experiencia de escritura,اكتب الخبرة
Write Speciality,Write Speciality,Escribir especialidad,اكتب التخصص
Write Contact,Write Contact,Contacto de escritura,اكتب الاتصال
Write Address,Write Address,Escribir la dirección,كتابة العنوان
Write Off Days,Write Off Days,Creditar días,شطب أيام
Write Service Name,Write Service Name,Escribir el nombre del servicio,اكتب اسم الخدمة
Enter Price,Enter Price,Ingresar precio,أدخل السعر
Max,Max,Máximo,الأعلى
Parlour already exists!,Parlour already exists!,¡La sala ya existe!,صالون موجود بالفعل!
Parlour Created Successfully!,Parlour Created Successfully!,Salón creado con éxito!,ابتكرت صالون بنجاح!
Parlour List Not Exists!,Parlour List Not Exists!,¡La lista de salones no existe!,قائمة صالون لا توجد!
Parlour Updated Successfully!,Parlour Updated Successfully!,Salón actualizado con éxito!,تم تحديث صالون بنجاح!
Parlour list status updated successfully!,Parlour list status updated successfully!,Estado de la lista de salones actualizado correctamente!,تم تحديث حالة قائمة صالون بنجاح!
Parlour list deleted successfully.,Parlour list deleted successfully.,Lista de salones eliminada con éxito.,تم حذف قائمة صالون بنجاح.
this Area?,this Area?,¿esta área?,هذه المنطقة؟
this Parlour?,this Parlour?,este salón?,هذا الصالة؟
Booking Details,Booking Details,Detalles de la reserva,تفاصيل الحجز
Parlour Information,Parlour Information,Información de la sala,معلومات صالون
Service & Schedule Information,Service & Schedule Information,Información de servicio y horario,الخدمة والجدول الزمني المعلومات
Date,Date,Fecha,تاريخ
Serial Number,Serial Number,Número de serie,رقم سري
Payment Information,Payment Information,Información del pago,معلومات الدفع
Booking Number,Booking Number,Número de reserva,رقم الحجز
Service Price,Service Price,Precio de servicio,سعر الخدمة
Total Payable Amount,Total Payable Amount,Monto total por pagar,إجمالي المبلغ المستحق
Progress of Parlour Booking,Progress of Parlour Booking,Progreso de la reserva de salón,تقدم حجز صالون
Booking Status Updated Successfully.,Booking Status Updated Successfully.,Estado de reserva actualizado con éxito.,تم تحديث حالة الحجز بنجاح.
Are you sure to delete this permission?,Are you sure to delete this permission?,¿Estás seguro de eliminar este permiso?,هل أنت متأكد من حذف هذا الإذن؟
Details,Details,Detalles,تفاصيل
this screen?,this screen?,esta pantalla?,هذه الشاشة؟
The mail address field is required.,The mail address field is required.,Se requiere el campo de dirección de correo.,حقل عنوان البريد مطلوب.
Slider Section,Slider Section,Sección deslizante,قسم شريط التمرير
Add Slider,Add Slider,Agregar control deslizante,أضف شريط التمرير
Edit Slider,Edit Slider,Editar control deslizante,تحرير شريط التمرير
Edit Items,Edit Items,Editar elementos,تعديل البنود
Testimonial Section,Testimonial Section,Sección de testimonios,قسم الشهادة
Comment,Comment,Comentario,تعليق
Add Testimonial,Add Testimonial,Agregar testimonio,إضافة شهادة
Designation,Designation,Designación,تعيين
Ratings(Max 5),Ratings(Max 5),Calificaciones (máx 5),تقييمات (كحد أقصى 5)
Edit Testimonial,Edit Testimonial,Editar testimonio,تحرير شهادة
Edit Statistic,Edit Statistic,Editar estadística,تحرير الإحصاء
Phoho Gallery Section,Phoho Gallery Section,Sección de la Galería Phoho,قسم معرض Phoho
Add Image,Add Image,Añadir imagen,إضافة صورة
Message,Message,Mensaje,رسالة
Reply,Reply,Responder,رد
Created At,Created At,Creado en,أنشئت في
Home,Home,Hogar,بيت
Find,Find,Encontrar,يجد
About,About,Acerca de,عن
Blog,Blog,Blog,مدونة
Step,Step,Paso,خطوة
Get Service,Get Service,Obtener servicio,احصل على خدمة
Follow us,Follow us,Síganos,تابعنا
Quick Contact,Quick Contact,Contacto rápido,اتصال سريع
Copyright,Copyright,Derechos de autor,حقوق النشر
All Right Reserved,All Right Reserved,Todos los derechos reservados,جميع الحقوق محفوظة
Join Now,Join Now,Únete ahora,نضم الان
Menus,Menus,Menús,قوائم
Email Address,Email Address,Dirección de correo electrónico,عنوان البريد الإلكتروني
Subscribe,Subscribe,Suscribir,يشترك
is Proudly Powered by AppDevs,is Proudly Powered by AppDevs,está alimentado con orgullo por Appdevs,مدعوم من AppDevs بفخر
Name,Name,Nombre,اسم
Email,Email,Correo electrónico,بريد إلكتروني
Send Message,Send Message,Enviar mensaje,أرسل رسالة
Enter Name,Enter Name,Ingrese su nombre,أدخل الاسم
Enter Email,Enter Email,Ingrese correo electrónico,أدخل البريد الإلكتروني
Write Here,Write Here,Escribe aquí,اكتب هنا
Contact Request successfully send!,Contact Request successfully send!,¡Contacto Solicitud de contacto con éxito!,طلب الاتصال بنجاح إرسال!
Subscription successful!,Subscription successful!,Suscripción exitosa!,اشتراك ناجح!
Language Switch to English,Language Switch to English,El idioma cambia al inglés,تحول اللغة إلى اللغة الإنجليزية
Language Switch to Spanish,Language Switch to Spanish,El idioma cambia al español,تحول اللغة إلى الإسبانية
Language Switch to Arabic,Language Switch to Arabic,El idioma cambia al árabe,تحول اللغة إلى اللغة العربية
Enter Password,Enter Password,Introducir la contraseña,أدخل كلمة المرور
Forgot Password?,Forgot Password?,¿Has olvidado tu contraseña?,هل نسيت كلمة السر؟
Login Now,Login Now,Inicia sesión ahora,تسجيل الدخول الآن
Don't Have An Account?,Don't Have An Account?,¿No tienes una cuenta?,ليس لديك حساب؟
Register Now,Register Now,Regístrate ahora,سجل الان
By clicking Login you are agreeing with our,By clicking Login you are agreeing with our,"Al hacer clic en Iniciar sesión, está de acuerdo con nuestro",بالنقر فوق تسجيل الدخول ، فأنت توافق على
Terms of feature,Terms of feature,Términos de característica,شروط الميزة
First Name,First Name,Nombre de pila,الاسم الأول
Last Name,Last Name,Apellido,اسم العائلة
Password,Password,Contraseña,كلمة المرور
I have agreed with,I have agreed with,He estado de acuerdo con,لقد وافقت مع
Terms Of Use & Privacy Policy,Terms Of Use & Privacy Policy,Términos de uso y política de privacidad,شروط الاستخدام وسياسة الخصوصية
Please enter the code,Please enter the code,Ingrese el código,الرجاء إدخال الرمز
We sent a 6 digit code here,We sent a 6 digit code here,Enviamos un código de 6 dígitos aquí,أرسلنا رمزًا مكون من 6 أرقام هنا
You can resend the code after,You can resend the code after,Puede reenviar el código después,يمكنك إعادة تقديم الرمز بعد
Submit,Submit,Entregar,يُقدِّم
Back To,Back To,De regreso,ارجع الى
Login,Login,Acceso,تسجيل الدخول
Didn't get the code?,Didn't get the code?,¿No obtuvo el código?,لم تحصل على الرمز؟
Resend,Resend,Revender,إعادة إرسال
Mail Resend Success!,Mail Resend Success!,Correo de reiniciar el éxito!,البريد إعادة تقديم النجاح!
Please verify your mail address. Check your mail inbox to get verification code,Please verify your mail address. Check your mail inbox to get verification code,Verifique su dirección de correo. Verifique su bandeja de entrada de correo para obtener el código de verificación,يرجى التحقق من عنوان البريد الخاص بك. تحقق من صندوق البريد الخاص بك للحصول على رمز التحقق
Account successfully verified,Account successfully verified,Cuenta verificada con éxito,تم التحقق من الحساب بنجاح
Reset Your Forgotten Password?,Reset Your Forgotten Password?,Restablecer su contraseña olvidada?,أعد ضبط كلمة المرور المنسية؟
Take control of your account by resetting your password. Our password recovery page guides you through the necessary steps to securely reset your password.,Take control of your account by resetting your password. Our password recovery page guides you through the necessary steps to securely reset your password.,Tome el control de su cuenta restableciendo su contraseña. Nuestra página de recuperación de contraseña lo guía a través de los pasos necesarios para restablecer de forma segura su contraseña.,تحكم في حسابك عن طريق إعادة تعيين كلمة المرور الخاصة بك. توجهك صفحة استرداد كلمة المرور الخاصة بنا من خلال الخطوات اللازمة لإعادة تعيين كلمة المرور الخاصة بك بشكل آمن.
Send OTP,Send OTP,Enviar OTP,إرسال OTP
Verification code sent to your email address.,Verification code sent to your email address.,Código de verificación enviado a su dirección de correo electrónico.,تم إرسال رمز التحقق إلى عنوان بريدك الإلكتروني.
Password Reset,Password Reset,Restablecimiento de contraseña,إعادة تعيين كلمة المرور
Reset Your Password,Reset Your Password,Restablecer su contraseña,اعد ضبط كلمه السر
Enter New Password,Enter New Password,Ingrese nueva clave,أدخل كلمة مرور جديدة
Enter Confirm Password,Enter Confirm Password,Ingrese Confirmar contraseña,أدخل تأكيد كلمة المرور
Reset,Reset,Reiniciar,إعادة ضبط
Password reset success. Please login with new password.,Password reset success. Please login with new password.,El éxito de restablecimiento de contraseña. Inicie sesión con una nueva contraseña.,إعادة تعيين كلمة المرور النجاح. يرجى تسجيل الدخول بكلمة مرور جديدة.
Our Location,Our Location,nuestra ubicación,موقعنا
Call us on,Call us on,Llámenos,اتصل بنا
Email us directly,Email us directly,Envíenos un correo electrónico directamente,أرسلنا بالبريد الإلكتروني مباشرة
Already Have An Account?,Already Have An Account?,¿Ya tienes una cuenta?,هل لديك حساب؟
Home Page,Home Page,Página de inicio,الصفحة الرئيسية
Profile,Profile,Perfil,حساب تعريفي
My Profile,My Profile,Mi perfil,ملفي
Profile Settings,Profile Settings,Configuración de perfil,إعدادات الملف الشخصي
Delete Account,Delete Account,Borrar cuenta,حذف الحساب
Enter Address,Enter Address,Ingresa la direccion,أدخل العنوان
Enter City,Enter City,Entrar en la ciudad,أدخل المدينة
Enter State,Enter State,Ingrese el estado,إدخال الدولة
Enter ZipCode,Enter ZipCode,Ingresa tu código postal,أدخل الرمز البريدي
Change,Change,Cambiar,يتغير
My Booking,My Booking,Mi reserva,الحجز
Booking List,Booking List,Lista de reservas,قائمة الحجز
Are you sure to delete,Are you sure to delete,¿Estás seguro de eliminar?,هل انت متأكد من الحذف
your account,your account,su cuenta,الحساب الخاص بك
If you do not think you will use,If you do not think you will use,Si no crees que usarás,إذا كنت لا تعتقد أنك ستستخدم
"again and like your account deleted, we can take card of this for you. Keep in mind you will not be able to reactivate your account or retrieve any of the content or information you have added. If you would still like your account deleted, click “Delete Account”.?","again and like your account deleted, we can take card of this for you. Keep in mind you will not be able to reactivate your account or retrieve any of the content or information you have added. If you would still like your account deleted, click “Delete Account”.?","De nuevo y al igual que su cuenta eliminada, podemos tomar una tarjeta de esto para usted. Tenga en cuenta que no podrá reactivar su cuenta o recuperar ninguno de los contenidos o información que haya agregado. Si aún desea que su cuenta se elimine, haga clic en ""Eliminar cuenta"".","مرة أخرى ومثل حسابك المحذوفة ، يمكننا أخذ بطاقة من هذا لك. ضع في اعتبارك أنك لن تتمكن من إعادة تنشيط حسابك أو استرداد أي من المحتوى أو المعلومات التي أضفتها. إذا كنت لا تزال تحب حذف حسابك ، فانقر فوق ""حذف الحساب"".؟"
Enter Number,Enter Number,Ingresar número,أدخل رقم
Profile successfully updated!,Profile successfully updated!,Perfil actualizado con éxito!,تم تحديث الملف الشخصي بنجاح!
Password successfully updated,Password successfully updated,Contraseña actualizada correctamente,تم تحديث كلمة المرور بنجاح
The password must be at least 6 characters.,The password must be at least 6 characters.,La contraseña debe tener al menos 6 caracteres.,يجب أن تكون كلمة المرور 6 أحرف على الأقل.
Current password didn\'t match,Current password didn\'t match,La contraseña actual no coincidía,كلمة المرور الحالية لم تطابق
Something went wrong! Please try again,Something went wrong! Please try again,¡Algo salió mal! Inténtalo de nuevo,هناك خطأ ما! حاول مرة اخرى
The firstname field is required.,The firstname field is required.,Se requiere el campo Nombre FirstName.,حقل الاسم الأول مطلوب.
The lastname field is required.,The lastname field is required.,Se requiere el campo LastName.,مطلوب حقل الاسم الأخير.
The current password field is required.,The current password field is required.,Se requiere el campo de contraseña actual.,حقل كلمة المرور الحالي مطلوب.
The password field is required.,The password field is required.,Se requiere el campo de contraseña.,حقل كلمة المرور مطلوب.
The name field is required.,The name field is required.,Se requiere el campo de nombre.,حقل الاسم مطلوب.
The email field is required.,The email field is required.,Se requiere el campo de correo electrónico.,حقل البريد الإلكتروني مطلوب.
The message field is required.,The message field is required.,Se requiere el campo de mensaje.,حقل الرسالة مطلوب.
My History,My History,Mi historia,تاريخي
Parlour Address,Parlour Address,Dirección de la sala,عنوان صالون
Service Information,Service Information,Servicio de información,معلومات الخدمة
Schedule Information,Schedule Information,Programar información,جدولة المعلومات
MTCN Number,MTCN Number,Número de mtcn,رقم MTCN
Total Payable Price,Total Payable Price,Precio total de pago,إجمالي سعر الدفع
Logout,Logout,Cerrar sesión,تسجيل خروج
Help Center,Help Center,Centro de ayuda,مركز المساعدة
How can we help you?,How can we help you?,como podemos ayudarte?,كيف يمكننا مساعدتك؟
Get Support,Get Support,Obtener apoyo,احصل على الدعم
Support Tickets,Support Tickets,Boletos de apoyo,تذاكر الدعم الفني
Add New,Add New,Agregar nuevo,اضف جديد
Ticket ID,Ticket ID,Identificación de entradas,معرف التذاكر
User,User,Usuario,مستخدم
username,username,nombre de usuario,اسم المستخدم
Subject,Subject,Sujeto,موضوع
Status,Status,Estado,حالة
Last Reply,Last Reply,Última respuesta,الرد الأخير
No data found!,No data found!,¡Datos no encontrados!,لاتوجد بيانات!
Add New Ticket,Add New Ticket,Agregar nuevo boleto,أضف تذكرة جديدة
Optional,Optional,Opcional,خياري
Attachments,Attachments,Archivos adjuntos,المرفقات
The subject field is required.,The subject field is required.,Se requiere el campo de sujeto.,حقل الموضوع مطلوب.
The attachment field is required.,The attachment field is required.,Se requiere el campo de fijación.,حقل المرفق مطلوب.
Oops!! Failed to upload attachment. Please try again.,Oops!! Failed to upload attachment. Please try again.,¡¡Ups!! No se pudo cargar el archivo adjunto. Inténtalo de nuevo.,أُووبس!! فشل في تحميل المرفق. حاول مرة اخرى.
Support ticket created successfully!,Support ticket created successfully!,¡Ticket de apoyo creado con éxito!,تذكرة الدعم التي تم إنشاؤها بنجاح!
Conversation,Conversation,Conversación,محادثة
Support Details,Support Details,Detalles de soporte,تفاصيل الدعم
Description,Description,Descripción,وصف
"This ticket is solved, you can't send message right now.","This ticket is solved, you can't send message right now.","Este boleto está resuelto, no puede enviar un mensaje en este momento.",تم حل هذه التذكرة ، لا يمكنك إرسال رسالة الآن.
Support Ticket,Support Ticket,Boleto de apoyo,بطاقة الدعم
Enter Subject,Enter Subject,Entrar en el sujeto,أدخل الموضوع
Write something,Write something,Escribe algo,أكتب شيئا
Service Select,Service Select,Seleccione de servicio Seleccionar,اختر الخدمة
Select Date,Select Date,Seleccione fecha,حدد تاريخ
Select Time,Select Time,Tiempo de selección,حدد الوقت
Appointment Preview,Appointment Preview,Vista previa de la cita,معاينة الموعد
Amount,Amount,Cantidad,كمية
Select Payment Method,Select Payment Method,Seleccionar método de pago,اختار طريقة الدفع
Confirm Booking,Confirm Booking,Reserva confirmada,تأكيد الحجز
Checkout,Checkout,Verificar,الدفع
Service Type,Service Type,Tipo de servicio,نوع الخدمة
appLAppName,eSalon,esalon,esalon
appLAppVersion,1.0.0,1.0.0,1.0.0
appLSlogan,We care about you,Nos preocupamos por usted,نحن نهتم بك
appLSkip,Skip,Saltar,يتخطى
appLTimeNotAvailable,Selected time not available,Tiempo seleccionado no disponible,وقت محدد غير متوفر
appLSignUpSuccess,Sign Up Successful,Regístrese exitoso,الاشتراك بنجاح
appLSuccessPayment,Payment Successful,Pago exitoso,الدفع ناجح
appLMobile,Mobile,Móvil,متحرك
appLTime,Time,Tiempo,وقت
appLResetPasswordSuccess,Reset Password Successful,Restablecer contraseña exitosa,إعادة تعيين كلمة المرور الناجحة
appLTotalServicePrice,Total Service Price,Precio total de servicio,إجمالي سعر الخدمة
appLPaymentMethod,Payment Method,Método de pago,طريقة الدفع او السداد
appLPaymentInformation,Payment Information,Información del pago,معلومات الدفع
appLSerialNumber,Serial Number,Número de serie,رقم سري
appLScheduleInformation,Schedule Information,Programar información,جدولة المعلومات
appLContact,Contact,Contacto,اتصال
appLBookingDetails,Booking Details,Detalles de la reserva,تفاصيل الحجز
appLCurrentPassword,Current Password,Contraseña actual,كلمة السر الحالية
appLFind,Find,Encontrar,يجد
appLServiceName,Service Name,Nombre del Servicio,اسم الخدمة
appLServiceInformation,Service Information,Servicio de información,معلومات الخدمة
appLNoDataFound,No Data Found!,¡Datos no encontrados!,لاتوجد بيانات!
appLPaypal,Paypal,Paypal,PayPal
appLPayment,Payment,Pago,قسط
appLServiceType,Service Type,Tipo de servicio,نوع الخدمة
appLAppointmentPreview,Appointment Preview,Vista previa de la cita,معاينة الموعد
appLParlourDetails,Parlour Details,Detalles de la sala,تفاصيل صالون
appLServiceSelect,Service Select,Seleccione de servicio Seleccionar,SELECT SELECT
appLEmptyString,""" ""","""",""""" """
appLCancel,Cancel,Cancelar,يلغي
appLSelectPaymentMethod,Select Payment Method,Seleccionar método de pago,اختار طريقة الدفع
appLParlourName,Parlour Name,Nombre de la sala,اسم صالون
appLNext,Next,Próximo,التالي
appLExperience,Experience,Experiencia,خبرة
appLParlourAddress,Parlour Address,Dirección de la sala,عنوان صالون
appLMakeAppointment,Make Appointment,Concertar cita,حدد موعدا
appLSearch,Search,Buscar,يبحث
appLGetService,Get Service,Obtener servicio,احصل على خدمة
appLLogMessage,Do you want to Sign Out?,¿Quieres firmar?,هل تريد تسجيل الخروج؟
appLWelcomeTitle,Book an Appointment for Salon,Reserve una cita para el salón,حجز موعد للصالون
appLWelcomeSubTitle,Salons have a reputation for being a place where clients can go to get services done and be pampered in a peaceful environment.,Los salones tienen la reputación de ser un lugar donde los clientes puedan ir a realizar servicios y ser mimados en un entorno pacífico.,تتمتع الصالونات بسمعة طيبة لكونها مكانًا يمكن للعملاء الذهاب إليه لإنجاز الخدمات وأن يتم تدليلهم في بيئة سلمية.
appLSelectLanguage,Select Language,Seleccione el idioma,اختار اللغة
appLWelcomeTitleText,Welcome Back,Bienvenido de nuevo,مرحبًا بعودتك
appLWelcomeSubTitleText,Login to your account,Ingrese a su cuenta,تسجيل الدخول إلى حسابك
appLCustomerType,New to Salon?,¿Nuevo en Salon?,جديد على صالون؟
appLForgotPassword,Forgot Password?,¿Has olvidado tu contraseña?,هل نسيت كلمة السر؟
appLNewToeSalon,New to eSalon?,Nuevo en Esalon?,جديد على Esalon؟
appLForgotPasswordText,Forgot Password,Has olvidado tu contraseña,هل نسيت كلمة السر
appLContinueText,Continue,Continuar,يكمل
appLForgotPasswordTitle,Please Enter Your Email Address or Phone Number to Reset Your Password,Ingrese su dirección de correo electrónico o número de teléfono para restablecer su contraseña,الرجاء إدخال عنوان بريدك الإلكتروني أو رقم الهاتف لإعادة تعيين كلمة المرور الخاصة بك
appLDidNotGetCode,Didnt get any code?,¿No obtuvo ningún código?,لم تحصل على أي رمز؟
appLIdentityVerification,"Your identity has been verified, Set your new Password","Su identidad ha sido verificada, configure su nueva contraseña",تم التحقق من هويتك ، وضبط كلمة المرور الجديدة الخاصة بك
appLConfirmNewPassword,Confirm New Password,Confirmar nueva contraseña,تأكيد كلمة المرور الجديدة
appLSignUpSubTitle,Create your account to use eSalon,Crea tu cuenta para usar Esalon,إنشاء حسابك لاستخدام esalon
appLAgreeToPrivacyPolicyText,By countenancing Sign up you agree to the following terms & conditions without reservation,"Mediante el registro de contador, usted acepta los siguientes Términos y Condiciones sin reserva",من خلال حساب الاشتراك ، توافق على الشروط والأحكام التالية دون الحجز
appLAlreadyHaveAccount,Already have an account?,¿Ya tienes una cuenta?,هل لديك حساب؟
appLSchedule,Schedule,Cronograma,جدول
appLParlourList,Parlour List,Lista de salones,قائمة صالون
appLHomeAppbarWelcomeText,Welcome to your personal stylist,Bienvenido a su estilista personal,مرحبًا بك في مصممك الشخصي
appLSpecializationField,Haircut Specialist,Especialista en cabello,أخصائي حلاقة الشعر
appLCategories,Categories,Categorías,فئات
appLPrice,Price,Precio,سعر
appLSpecialistType,Specialist Type,Tipo especialista,نوع متخصص
appLApplyFilter,Apply Filter,Aplicar filtro,تطبيق المرشح
appLDiscountPercentage,20%,20%,20 ٪
appLHairTreatment,Hair Treatment,Tratamiento capilar,علاج الشعر
appLExplore,Explore,Explorar,يستكشف
appLPopularExpert,Popular Experts,Expertos populares,الخبراء المشهورين
appLSeeAll,See All,Ver todo,اظهار الكل
appLEditProfile,Edit Profile,Editar perfil,تعديل الملف الشخصي
appLHaircutSpecialist,Haircut Specialist,Especialista en cabello,أخصائي حلاقة الشعر
appLBasicInfo,Basic Info,Información básica,معلومات أساسية
appLReviews,reviews,reseñas,المراجعات
appLLocation,Location,Ubicación,موقع
appLCustomerReview,Customer Review,Revisión del cliente,رأي العميل
appLCustomerName,Brionzen,Brionzen,بريونزين
appLScheduleBook,Schedule Book,Libro de horario,كتاب الجدول الزمني
appLType,Type,Tipo,يكتب
appLSelectSpecialist,Select Specialist,Seleccionar especialista,حدد متخصص
appLSelectDate,Select Date,Seleccione fecha,حدد تاريخ
appLAvailableSlot,Available Slot,Espacio disponible,فتحة متوفرة
appLBookAppointment,Book Appointment,Reservar una cita,موعد الكتاب
appLDate,05 March 2022,05 de marzo de 2022,05 مارس 2022
appLHistoryTwo,History,Historia,تاريخ
appLScheduled,Scheduled,Programado,المقرر
appLAppointmentAt,Appointment At,Cita con,موعد في
appLSkincareType,Skincare,Protección de la piel,العناية بالبشرة
appLSkincareDetails,Skincare  Details is here,Los detalles del cuidado de la piel están aquí,تفاصيل العناية بالبشرة هنا
appLSpecialist,Specialist,Especialista,متخصص
appLProfessional,Professional,Profesional,احترافي
appLBookScheduleNow,Book Schedule Now,Horario de libros ahora,جدول الكتاب الآن
appLTermsAndPoliciesText,"Crafting a compelling job description is essential to helping you attract the most qualified candites for your job. With more than 25 million jobs listed Indeed, a great job description can help your jobs stand out from a rest. Your job descriptions are where you start your company and you job to your future hire.","La elaboración de una descripción de trabajo convincente es esencial para ayudarlo a atraer los candites más calificados para su trabajo. Con más de 25 millones de empleos enumerados, una gran descripción del trabajo puede ayudar a que sus trabajos se destaquen de un descanso. Sus descripciones de trabajo son donde comienza su empresa y su trabajo para su futuro contratación.",يعد صياغة الوصف الوظيفي المقنع أمرًا ضروريًا لمساعدتك في جذب أكثر المبيضات المؤهلة لعملك. مع إدراج أكثر من 25 مليون وظيفة مدرجة بالفعل ، يمكن أن يساعد وصف وظائفك الرائع وظائفك على التبرز من الراحة. توصيف وظيفتك هي المكان الذي تبدأ فيه شركتك وتعمل على توظيف مستقبلك.
appLCopyRight,CopyRight © 2021 eSalon,Copyright © 2021 Esalon,حقوق الطبع والنشر © 2021 Esalon
appLMessage,Message,Mensaje,رسالة
appLSubmitNow,Submit Now,Aplique ahora,أرسل الآن
appLPleaseFillOutTheField,Please Fill Out The Field,Por favor complete el campo,يرجى ملء الحقل
appLSignIn,Sign In,Iniciar sesión,تسجيل الدخول
appLSaveChanges,Save Changes,Guardar cambios,حفظ التغييرات
appLCategoriesAndPrice,Categories & Price,Categorías y precio,الفئات والسعر
appLSignUp,Sign Up,Inscribirse,اشتراك
appLUserNameOrEmailAddress,Username Or Email Address,Nombre de usuario o dirección de correo electrónico,اسم المستخدم أو البريد الالكتروني
appLPassword,Password,Contraseña,كلمة المرور
appLForgetPassword,Forget Password,Contraseña olvidada,ننسى كلمة المرور
appLGetStarted,Get Started,Empezar,البدء
appLEmailAddress,Email Address,Dirección de correo electrónico,عنوان البريد الإلكتروني
appLEnterTheOTPCodeSendTo,Enter the code sent to your email,Ingrese el código enviado a su correo electrónico,أدخل الرمز المرسلة إلى بريدك الإلكتروني
appLVerifiedCode,Verified Code,Código verificado,رمز التحقق
appLSubmit,Submit,Entregar,يُقدِّم
appLOTPVerification,OTP Verification,Verificación OTP,التحقق من OTP
appLEmailVerification,Email Verification,verificacion de email,تأكيد بواسطة البريد الالكتروني
appLResend,Resend,Revender,إعادة إرسال
appLNewPassword,New Password,Nueva contraseña,كلمة المرور الجديدة
appLConfirmPassword,Confirm Password,confirmar Contraseña,تأكيد كلمة المرور
appLEnter,Enter,Ingresar,يدخل
appLResetPassword,Reset Password,Restablecer la contraseña,إعادة تعيين كلمة المرور
appLCongratulation,Congratulations,Felicidades,تهانينا
appLCreateAccount,Create an Account,Crea una cuenta,إنشاء حساب
appLFirstName,First Name,Nombre de pila,الاسم الأول
appLLastName,Last Name,Apellido,اسم العائلة
appLBio,Bio,Biografía,السيرة الذاتية
appLOkay,Okay,Bueno,تمام
appLTransfer,TRANSFER,TRANSFERIR,تحويل
appLHome,Home,Hogar,بيت
appLProfile,Profile,Perfil,حساب تعريفي
appLAddMoney,Add Money,Agregar dinero,إضافة المال
appLMoneyOut,Money Out,Apagarse,لم يبقى اي من المال
appLExchange,Exchange,Intercambio,تبادل
appLRequest,Request,Pedido,طلب
appLRecentTransaction,Recent Transaction,Transacción reciente,المعاملة الأخيرة
appLNotification,Notification,Notificación,إشعار
appLMyInvoice,My Invoice,Mi factura,فاتورتي
appLMyVoucher,My Voucher,Mi cupón,قسيم
appLTransactionLog,Transaction Log,Registro de transacciones,سجل المعاملات
appLTwoFASecurity,2FA Security,2FA SEGURIDAD,2FA الأمن
appLChangePassword,Change Password,Cambiar la contraseña,تغيير كلمة المرور
appLHelpCenter,Help Center,Centro de ayuda,مركز المساعدة
appLPrivacyAndPolicy,Privacy & Policy,Política de privacidad,سياسة الخصوصية
appLAboutUs,About Us,Sobre nosotros,معلومات عنا
appLSignOut,Sign Out,Desconectar,خروج
appLAmount,Amount,Cantidad,كمية
appLPreviewScreen,Preview Screen,Pantalla previa,شاشة المعاينة
appLExchangeRate,Exchange Rate,Tipo de cambio,سعر الصرف
appLTotalFeesAndCharges,Total Fees & Charges,Tarifas y cargos totales,إجمالي الرسوم والرسوم
appLWillGet,Will Get,Obtendrá,سوف تحصل
appLTotalPayableAmount,Total Payable Ammount,Ammount total por pagar,إجمالي Ammount المستحق
appLConfirm,Confirm,Confirmar,يتأكد
appLMoneyExchange,Money Exchange,Cambio de dinero,حوالة نقدية
appLFrom,From,De,من
appLTo,To,A,ل
appLRequestMoney,Request Money,Pedir dinero,طلب المال
appLRemarks,Remarks,Observaciones,ملاحظات
appLOptional,Optional,Opcional,خياري
appLShareRequestMoney,Share Request Money,Solicitar dinero para compartir dinero,مشاركة طلب المال
appLShare,Share,Compartir,يشارك
appLMoneyTransfer,Money Transfer,Transferencia de dinero,تحويل المال
appLAvailableBalance,Available Balance,Saldo disponible,الرصيد المتوفر
appLReceiver,Receiver,Receptor,المتلقي
appLProfileLabel,Profile,Perfil,حساب تعريفي
appLFullName,Full Name,Nombre completo,الاسم الكامل
appLCountry,Country,País,دولة
appLMobileNumber,Mobile Number,Número de teléfono móvil,رقم الهاتف المحمول
appLState,State,Estado,ولاية
appLCity,City,Ciudad,مدينة
appLZipCode,Zip Code,Código postal,الرمز البريدي
appLAddress,Address,DIRECCIÓN,عنوان
appLUpdate,Update,Actualizar,تحديث
appLPaid,Paid,Pagado,مدفوع
appLSent,Sent,Enviado,مرسل
appLUnPaid,UnPaid,No pagado,غير مدفوع الأجر
appLInvoiceNumber,Invoice Number,Número de factura,رقم الفاتورة
appLInvoiceDate,Invoice Date,Fecha de la factura,تاريخ الفاتورة
appLCurrency,Currency,Divisa,عملة
appLPickGoods,Pick Goods,Seleccionar artículos,اختر البضائع
appLTrickGoods,Trick Goods,Artículos de truco,خدعة البضائع
appLTotalBill,Total Bill,Cuenta total,إجمالي الفاتورة
appLCreateInvoice,Create Invoice,Crear factura,إنشاء فاتورة
appLInvoiceTo,Invoice To,Factura,فاتورة إلى
appLBillingAddress,Billing Address,Dirección de Envio,عنوان وصول الفواتير
appLNotes,Notes,Notas,ملحوظات
appLItemDetails,Item Details,detalles del artículo,تفاصيل العنصر
appLClientName,Client Name,nombre del cliente,اسم العميل
appLAddNew,Add New,Agregar nuevo,اضف جديد
appLItemName,Item Name,Nombre del árticulo,اسم العنصر
appLVoucher,Voucher,Vale,فاتورة
appLRedeem,Redeem,Canjear,يسترد
appLUsed,Used,Usado,مستخدم
appLNotUsed,Not Used,No utilizado,غير مستعمل
appLName,Name,Nombre,اسم
appLEmail,Email,Correo electrónico,بريد إلكتروني
appLPhone,Phone,Teléfono,هاتف
appLFeesAndCharge,Fees & Charge,Tarifas y cargo,الرسوم والشحن
appLStatus,Status,Estado,حالة
appLCode,Code,Código,شفرة
appLCreateVoucher,Create Voucher,Crear cupón,إنشاء قسيمة
appLConfirmRedeem,Confirm Redeem,Confirmar redimir,تأكيد الاسترداد
appLRedeemCode,Redeem Code,Canjear código,استرداد رمز
appLAddMoneyLog,Add Money Log,Agregar registro de dinero,أضف سجل الأموال
appLMoneyOutLog,Money Out Log,Money Out Log,سجل الأموال
appLExchangeLog,Exchange Log,Registro de intercambio,سجل التبادل
appLRequestLog,Request Log,Registro de solicitud,طلب سجل
appLBackToHome,Back To Home,De vuelta a casa,العودة إلى المنزل
appLEnable2faSecurity,Enable 2FA Security,Habilitar la seguridad de 2FA,تمكين 2FA الأمن
appLSendVerificationCode,Send Verification Code,Envíe el código de verificación,إرسال رمز التحقق
appLOldPassword,Old Password,Contraseña anterior,كلمة المرور القديمة
appLIndividual,Individual,Individual,فردي
appLBusiness,Business,Negocio,عمل
appLMiddleName,Middle Name,Segundo nombre,الاسم الأوسط
appLUserName,Username,Nombre de usuario,اسم المستخدم
appLPostalCode,Postal Code,Código Postal,رمز بريدي
appLCompanyName,Company Name,nombre de empresa,اسم الشركة
appLGender,Gender,Género,جنس
appLDateOfBirth,Date of Birth,Fecha de nacimiento,تاريخ الميلاد
appLNationality,Nationality,Nacionalidad,جنسية
appLMyReceipt,My Receipt,Mi recibo,إيصالي
appLTotalExchangedAmount,Total Exchanged Amount,Cantidad total intercambiada,إجمالي المبلغ المتبادل
appLConvertedAmount,Converted Amount,Cantidad convertida,المبلغ المحول
appLRequestedAmount,Requested Amount,Monto requerido,الكمية المطلوبة
appLContactUs,Contact Us,Contáctenos,اتصل بنا
appLTermsAndPolicies,Terms & Policies,Política de condiciones,سياسات الشروط
appLShareApp,Share App,Compartir aplicación,شارك التطبيق
appLRating,Rating,Clasificación,تقييم
appLPhoneNumber,Phone number,Número de teléfono,رقم التليفون
appLFromGallery,From Gallery,De la galería,من المعرض
appLFromCamera,From Camera,De la cámara,من الكاميرا
Parlour Details,Parlour Details,Detalles de la sala,تفاصيل صالون
Make Appointment,Make Appointment,Concertar cita,حدد موعدا
Admin Roles,Admin Roles,Roles de administración,أدوار المشرف
Notification,Notification,Notificación,إشعار
Photo Gallery Section,Photo Gallery Section,Sección de galería de fotos,قسم معرض الصور
Find Parlour,Find Parlour,Encontrar salón,العثور على صالون
All Rights Reserved,All Rights Reserved,Reservados todos los derechos,كل الحقوق محفوظة
Blog Details,Blog Details,Detalles del blog,تفاصيل المدونة
Select Country,Select Country,Seleccionar país,حدد الدولة
Congratulations! Parlour Booking Confirmed Successfully.,Congratulations! Parlour Booking Confirmed Successfully.,¡Felicidades! Reserva de salón confirmada con éxito.,تهانينا! تم تأكيد حجز صالون بنجاح.
Booking Time Out!,Booking Time Out!,Reserva tiempo de salida!,وقت الحجز!
Confirm,Confirm,Confirmar,يتأكد
Your Booking,Your Booking,Su reservación,حجزك
Parlour:,Parlour:,Salón:,صالون:
Date:,Date:,Fecha:,تاريخ:
Time:,Time:,Tiempo:,وقت:
Serial Number:,Serial Number:,Número de serie:,رقم سري:
Successfully Booked.,Successfully Booked.,Reservado con éxito.,تم حجزه بنجاح.
All,All,Todo,الجميع
Web Version,Web Version,Versión web,إصدار الويب
Pending Tickets,Pending Tickets,Boletos pendientes,تذاكر معلقة
Solved Tickets,Solved Tickets,Boletos resueltos,حل التذاكر
All Tickets,All Tickets,Todas las entradas,جميع التذاكر
View All,View All,Ver todo,عرض الكل
Support Chat,Support Chat,Chat de apoyo,دعم الدردشة
Mark as Solved,Mark as Solved,Marca como se resuelve,علامة كما تم حلها
Are you sure to mark as solved (Token:,Are you sure to mark as solved (Token:,¿Estás seguro de marcar como resuelto (Token:,هل أنت متأكد من أن تحل كما تم حلها (الرمز المميز:
Because it's not reversible.,Because it's not reversible.,Porque no es reversible.,لأنه غير قابل للعكس.
Seconds,Seconds,Segundos,ثوان